SL,STATE/UT,Below 18 Years,,Between 18-30 Years,,Between 30-45 Years,,Between 45-60 Years,,Above 60 Years,,Total ,,Grand Total
,,Male,Female,Male,Female,Male,Female,Male,Female,Male,Female,Male,Female,
,,B18M,B18F,B30M,B30F,B45M,B45F,B60M,B60F,A60M,A60F,TOTM,TOTF,GTOT
1,ANDHRA PRADESH,28,0,1667,136,1712,155,788,68,45,5,4240,364,4604
2,ARUNACHAL PRADESH,0,0,43,0,35,0,5,0,0,0,83,0,83
3,ASSAM,13,1,721,14,856,17,191,10,43,0,1824,42,1866
4,BIHAR,66,0,2575,79,1716,110,773,24,49,2,5179,215,5394
5,CHHATTISGARH,51,9,680,41,675,43,189,16,33,2,1628,111,1739
6,GOA,1,4,41,0,23,3,15,0,1,0,81,7,88
7,GUJARAT,35,4,789,43,844,65,305,22,19,4,1992,138,2130
8,HARYANA,30,4,689,44,699,45,281,12,36,2,1735,107,1842
9,HIMACHAL PRADESH,9,0,81,7,57,14,18,3,2,0,167,24,191
10,JAMMU & KASHMIR,1,0,157,5,195,5,62,5,2,0,417,15,432
11,JHARKHAND,60,10,810,59,672,46,272,24,22,0,1836,139,1975
12,KARNATAKA,27,2,802,68,1484,112,639,65,74,14,3026,261,3287
13,KERALA,5,0,279,8,271,21,106,10,8,2,669,41,710
14,MADHYA PRADESH,111,13,2078,114,1767,149,849,47,125,12,4930,335,5265
15,MAHARASHTRA,167,17,2377,220,1798,288,721,189,104,23,5167,737,5904
16,MANIPUR,0,0,47,0,20,3,9,3,3,0,79,6,85
17,MEGHALAYA,9,1,57,2,50,0,11,0,0,0,127,3,130
18,MIZORAM,0,0,15,0,12,0,0,0,2,0,29,0,29
19,NAGALAND,2,1,8,3,6,1,6,0,0,0,22,5,27
20,ODISHA,14,5,611,62,651,114,306,57,38,1,1620,239,1859
21,PUNJAB,11,1,468,74,584,84,226,27,14,0,1303,186,1489
22,RAJASTHAN,73,4,920,81,787,82,305,18,24,3,2109,188,2297
23,SIKKIM,2,0,11,2,0,1,1,0,0,0,14,3,17
24,TAMIL NADU,49,4,1425,96,1250,149,539,40,46,4,3309,293,3602
25,TRIPURA,2,0,85,6,62,9,27,6,9,0,185,21,206
26,UTTAR PRADESH,52,2,6468,86,4268,75,1381,13,20,0,12189,176,12365
27,UTTARAKHAND,4,0,98,1,208,5,63,9,0,0,373,15,388
28,WEST BENGAL,7,2,1352,127,1271,97,538,68,31,5,3199,299,3498
,TOTAL (STATES),829,84,25354,1378,21973,1693,8626,736,750,79,57532,3970,61502
29,A&N ISLANDS,2,0,15,0,15,0,5,0,1,0,38,0,38
30,CHANDIGARH,2,0,30,1,14,0,3,1,0,0,49,2,51
31,D&N HAVELI,0,0,3,0,2,0,1,1,0,0,6,1,7
32,DAMAN & DIU,0,0,11,0,0,0,0,0,0,0,11,0,11
33,DELHI,72,0,564,10,188,19,31,3,2,0,857,32,889
34,LAKSHADWEEP,0,0,0,0,0,0,0,0,0,0,0,0,0
35,PUDUCHERRY,10,0,110,0,37,0,7,2,1,0,165,2,167
,TOTAL (UTS),86,0,733,11,256,19,47,7,4,0,1126,37,1163
,TOTAL (ALL-INDIA),915,84,26087,1389,22229,1712,8673,743,754,79,58658,4007,62665
     ,,,,,,,,,,,,,,
,,,,,,,,,,,,,,
STATEMENT OF PERSONS ARRESTED BY SEX AND AGE-GROUP UNDER ATTEMPT TO COMMIT MURDER (SECTION 307 IPC) DURING 2009,,,,,,,,,,,,,,
SL,STATE/UT,Below 18 Years,,Between 18-30 Years,,Between 30-45 Years,,Between 45-60 Years,,Above 60 Years,,Total ,,Grand Total
,,Male,Female,Male,Female,Male,Female,Male,Female,Male,Female,Male,Female,
,,B18M,B18F,B30M,B30F,B45M,B45F,B60M,B60F,A60M,A60F,TOTM,TOTF,GTOT
1,ANDHRA PRADESH,7,0,1336,50,1150,65,394,28,35,0,2922,143,3065
2,ARUNACHAL PRADESH,0,0,34,0,12,0,2,0,0,0,48,0,48
3,ASSAM,4,0,238,3,257,3,50,2,2,0,551,8,559
4,BIHAR,42,3,3032,81,2129,85,741,19,37,0,5981,188,6169
5,CHHATTISGARH,74,2,555,15,423,17,207,3,54,0,1313,37,1350
6,GOA,1,0,36,1,37,4,8,0,1,0,83,5,88
7,GUJARAT,21,3,935,40,780,82,284,24,25,5,2045,154,2199
8,HARYANA,21,1,669,24,630,19,285,8,27,1,1632,53,1685
9,HIMACHAL PRADESH,3,0,43,2,64,6,22,0,5,1,137,9,146
10,JAMMU & KASHMIR,0,0,236,16,388,52,221,13,21,0,866,81,947
11,JHARKHAND,34,0,666,64,589,41,337,21,62,2,1688,128,1816
12,KARNATAKA,12,1,999,84,1749,126,776,82,94,55,3630,348,3978
13,KERALA,10,0,589,1,412,2,146,4,12,0,1169,7,1176
14,MADHYA PRADESH,103,5,2665,98,2062,94,1172,36,162,4,6164,237,6401
15,MAHARASHTRA,161,4,3037,132,1997,196,788,109,91,17,6074,458,6532
16,MANIPUR,0,0,43,3,35,4,12,5,1,0,91,12,103
17,MEGHALAYA,0,0,15,1,14,0,3,0,0,0,32,1,33
18,MIZORAM,0,0,5,0,6,0,4,0,0,0,15,0,15
19,NAGALAND,0,0,16,0,12,1,2,0,0,0,30,1,31
20,ODISHA,16,0,856,26,748,33,315,9,34,0,1969,68,2037
21,PUNJAB,12,1,762,46,1061,83,484,27,43,1,2362,158,2520
22,RAJASTHAN,92,3,1731,92,1514,81,588,21,33,1,3958,198,4156
23,SIKKIM,1,0,6,1,3,0,0,0,0,0,10,1,11
24,TAMIL NADU,26,8,2253,129,2179,142,901,31,58,1,5417,311,5728
25,TRIPURA,1,0,34,0,17,4,15,0,4,0,71,4,75
26,UTTAR PRADESH,14,0,5638,33,3638,16,1128,1,31,0,10449,50,10499
27,UTTARAKHAND,1,0,120,0,153,2,43,0,5,0,322,2,324
28,WEST BENGAL,1,0,555,24,669,32,271,17,20,1,1516,74,1590
,TOTAL (STATES),657,31,27104,966,22728,1190,9199,460,857,89,60545,2736,63281
29,A&N ISLANDS,2,0,1,0,2,0,0,0,0,0,5,0,5
30,CHANDIGARH,0,0,32,0,21,0,8,0,2,0,63,0,63
31,D&N HAVELI,1,0,4,0,4,1,2,0,0,0,11,1,12
32,DAMAN & DIU,0,0,11,0,1,0,0,0,0,0,12,0,12
33,DELHI,36,0,484,5,159,3,28,1,0,0,707,9,716
34,LAKSHADWEEP,0,0,5,0,4,0,0,0,0,0,9,0,9
35,PUDUCHERRY,1,0,58,1,22,0,3,1,1,0,85,2,87
,TOTAL (UTS),40,0,595,6,213,4,41,2,3,0,892,12,904
,TOTAL (ALL-INDIA),697,31,27699,972,22941,1194,9240,462,860,89,61437,2748,64185
     ,,,,,,,,,,,,,,
,,,,,,,,,,,,,,
"STATEMENT OF PERSONS ARRESTED BY SEX AND AGE-GROUP UNDER CULPABLE HOMICIDE NOT AMOUNTING MURDER (SECTION 304, 308 IPC) DURING 2009",,,,,,,,,,,,,,
SL,STATE/UT,Below 18 Years,,Between 18-30 Years,,Between 30-45 Years,,Between 45-60 Years,,Above 60 Years,,Total ,,Grand Total
,,Male,Female,Male,Female,Male,Female,Male,Female,Male,Female,Male,Female,
,,B18M,B18F,B30M,B30F,B45M,B45F,B60M,B60F,A60M,A60F,TOTM,TOTF,GTOT
1,ANDHRA PRADESH,0,0,89,4,99,6,26,1,15,0,229,11,240
2,ARUNACHAL PRADESH,0,0,1,0,3,0,0,0,0,0,4,0,4
3,ASSAM,0,0,29,0,23,0,4,0,0,0,56,0,56
4,BIHAR,4,0,214,1,132,4,30,0,0,0,380,5,385
5,CHHATTISGARH,0,0,11,1,13,0,5,0,1,0,30,1,31
6,GOA,0,0,4,0,6,1,1,0,0,0,11,1,12
7,GUJARAT,0,0,12,1,17,3,6,0,0,0,35,4,39
8,HARYANA,0,0,36,1,54,2,10,0,0,0,100,3,103
9,HIMACHAL PRADESH,0,0,6,1,12,0,7,0,0,0,25,1,26
10,JAMMU & KASHMIR,0,0,4,0,14,0,2,0,0,0,20,0,20
11,JHARKHAND,1,0,30,4,50,0,22,0,3,0,106,4,110
12,KARNATAKA,0,0,22,0,52,0,36,1,1,0,111,1,112
13,KERALA,0,0,49,0,69,3,29,3,3,1,150,7,157
14,MADHYA PRADESH,4,0,84,4,81,3,40,2,0,0,209,9,218
15,MAHARASHTRA,4,0,50,3,70,8,23,2,2,1,149,14,163
16,MANIPUR,0,0,0,0,0,0,0,0,0,0,0,0,0
17,MEGHALAYA,0,0,3,0,4,0,2,0,0,0,9,0,9
18,MIZORAM,0,0,6,0,4,0,0,0,0,0,10,0,10
19,NAGALAND,2,0,1,0,2,0,0,0,0,0,5,0,5
20,ODISHA,0,0,12,4,29,1,17,0,3,0,61,5,66
21,PUNJAB,0,0,63,1,67,10,12,2,2,0,144,13,157
22,RAJASTHAN,4,0,49,2,37,1,8,0,1,0,99,3,102
23,SIKKIM,0,0,3,0,1,0,0,0,0,0,4,0,4
24,TAMIL NADU,0,0,5,0,12,0,2,0,1,0,20,0,20
25,TRIPURA,0,0,2,0,2,0,0,0,0,0,4,0,4
26,UTTAR PRADESH,5,0,1519,2,1407,4,610,1,3,0,3544,7,3551
27,UTTARAKHAND,1,0,30,0,28,0,8,0,0,0,67,0,67
28,WEST BENGAL,0,0,314,8,235,7,75,3,3,0,627,18,645
,TOTAL (STATES),25,0,2648,37,2523,53,975,15,38,2,6209,107,6316
29,A&N ISLANDS,0,0,3,0,3,0,0,0,1,0,7,0,7
30,CHANDIGARH,1,0,8,1,4,0,1,0,0,0,14,1,15
31,D&N HAVELI,0,0,1,0,3,0,0,0,0,0,4,0,4
32,DAMAN & DIU,0,0,5,0,1,0,0,0,0,0,6,0,6
33,DELHI,7,0,47,2,41,3,3,0,0,0,98,5,103
34,LAKSHADWEEP,0,0,0,0,0,0,0,0,0,0,0,0,0
35,PUDUCHERRY,0,0,21,0,5,0,2,0,0,0,28,0,28
,TOTAL (UTS),8,0,85,3,57,3,6,0,1,0,157,6,163
,TOTAL (ALL-INDIA),33,0,2733,40,2580,56,981,15,39,2,6366,113,6479
     ,,,,,,,,,,,,,,
,,,,,,,,,,,,,,
STATEMENT OF PERSONS ARRESTED BY SEX AND AGE-GROUP UNDER RAPE (SECTION 376 IPC) DURING 2009,,,,,,,,,,,,,,
SL,STATE/UT,Below 18 Years,,Between 18-30 Years,,Between 30-45 Years,,Between 45-60 Years,,Above 60 Years,,Total ,,Grand Total
,,Male,Female,Male,Female,Male,Female,Male,Female,Male,Female,Male,Female,
,,B18M,B18F,B30M,B30F,B45M,B45F,B60M,B60F,A60M,A60F,TOTM,TOTF,GTOT
1,ANDHRA PRADESH,62,0,934,12,356,36,73,8,6,0,1431,56,1487
2,ARUNACHAL PRADESH,3,0,50,0,7,0,0,0,0,0,60,0,60
3,ASSAM,39,0,949,1,581,0,73,0,1,0,1643,1,1644
4,BIHAR,33,0,646,4,350,7,46,0,0,0,1075,11,1086
5,CHHATTISGARH,92,0,661,2,289,4,70,0,10,0,1122,6,1128
6,GOA,3,0,36,0,11,2,2,1,1,0,53,3,56
7,GUJARAT,22,0,316,15,211,9,33,2,2,0,584,26,610
8,HARYANA,26,0,498,19,220,26,51,4,3,1,798,50,848
9,HIMACHAL PRADESH,7,0,127,4,78,5,18,4,6,1,236,14,250
10,JAMMU & KASHMIR,0,0,143,0,131,0,28,0,1,0,303,0,303
11,JHARKHAND,61,0,470,2,188,3,41,0,0,0,760,5,765
12,KARNATAKA,7,1,252,11,222,8,67,12,12,3,560,35,595
13,KERALA,4,0,349,4,253,17,62,2,3,0,671,23,694
14,MADHYA PRADESH,202,1,2415,44,1120,59,344,40,17,1,4098,145,4243
15,MAHARASHTRA,86,3,1234,41,488,70,114,28,10,1,1932,143,2075
16,MANIPUR,0,0,10,2,7,0,2,0,1,0,20,2,22
17,MEGHALAYA,5,0,65,1,35,0,4,0,0,0,109,1,110
18,MIZORAM,1,0,29,0,35,0,14,0,2,0,81,0,81
19,NAGALAND,0,0,20,0,3,0,4,0,0,0,27,0,27
20,ODISHA,29,0,626,11,299,22,121,5,6,0,1081,38,1119
21,PUNJAB,8,0,342,32,182,47,58,12,0,0,590,91,681
22,RAJASTHAN,55,2,840,8,388,11,81,1,1,1,1365,23,1388
23,SIKKIM,2,0,13,0,3,0,0,0,1,0,19,0,19
24,TAMIL NADU,17,0,454,6,230,7,60,1,1,0,762,14,776
25,TRIPURA,11,0,157,9,104,10,38,5,2,0,312,24,336
26,UTTAR PRADESH,40,0,1771,0,924,0,183,0,0,0,2918,0,2918
27,UTTARAKHAND,6,0,80,0,46,0,5,0,1,0,138,0,138
28,WEST BENGAL,22,0,967,0,633,2,106,6,10,2,1738,10,1748
,TOTAL (STATES),843,7,14454,228,7394,345,1698,131,97,10,24486,721,25207
29,A&N ISLANDS,0,0,25,1,5,1,3,0,1,0,34,2,36
30,CHANDIGARH,4,0,24,1,8,1,0,0,0,0,36,2,38
31,D&N HAVELI,2,0,3,0,0,0,0,0,0,0,5,0,5
32,DAMAN & DIU,0,0,1,0,0,0,0,0,0,0,1,0,1
33,DELHI,31,0,394,15,97,5,7,4,4,0,533,24,557
34,LAKSHADWEEP,0,0,0,0,0,0,0,0,0,0,0,0,0
35,PUDUCHERRY,0,0,1,0,0,0,0,0,0,0,1,0,1
,TOTAL (UTS),37,0,448,17,110,7,10,4,5,0,610,28,638
,TOTAL (ALL-INDIA),880,7,14902,245,7504,352,1708,135,102,10,25096,749,25845
     ,,,,,,,,,,,,,,
,,,,,,,,,,,,,,
STATEMENT OF PERSONS ARRESTED BY SEX AND AGE-GROUP UNDER CUSTODIAL RAPE DURING 2009,,,,,,,,,,,,,,
SL,STATE/UT,Below 18 Years,,Between 18-30 Years,,Between 30-45 Years,,Between 45-60 Years,,Above 60 Years,,Total ,,Grand Total
,,Male,Female,Male,Female,Male,Female,Male,Female,Male,Female,Male,Female,
,,B18M,B18F,B30M,B30F,B45M,B45F,B60M,B60F,A60M,A60F,TOTM,TOTF,GTOT
1,ANDHRA PRADESH,0,0,0,0,0,0,0,0,0,0,0,0,0
2,ARUNACHAL PRADESH,0,0,0,0,0,0,0,0,0,0,0,0,0
3,ASSAM,0,0,0,0,0,0,0,0,0,0,0,0,0
4,BIHAR,0,0,0,0,0,0,0,0,0,0,0,0,0
5,CHHATTISGARH,0,0,0,0,0,0,0,0,0,0,0,0,0
6,GOA,0,0,0,0,0,0,0,0,0,0,0,0,0
7,GUJARAT,0,0,0,0,0,0,0,0,0,0,0,0,0
8,HARYANA,0,0,0,0,0,0,0,0,0,0,0,0,0
9,HIMACHAL PRADESH,0,0,0,0,0,0,0,0,0,0,0,0,0
10,JAMMU & KASHMIR,0,0,0,0,0,0,0,0,0,0,0,0,0
11,JHARKHAND,0,0,0,0,0,0,0,0,0,0,0,0,0
12,KARNATAKA,0,0,0,0,0,0,0,0,0,0,0,0,0
13,KERALA,0,0,0,0,0,0,0,0,0,0,0,0,0
14,MADHYA PRADESH,0,0,1,0,4,0,1,0,0,0,6,0,6
15,MAHARASHTRA,0,0,0,0,0,0,0,0,0,0,0,0,0
16,MANIPUR,0,0,0,0,0,0,0,0,0,0,0,0,0
17,MEGHALAYA,0,0,0,0,0,0,0,0,0,0,0,0,0
18,MIZORAM,0,0,0,0,1,0,0,0,0,0,1,0,1
19,NAGALAND,0,0,0,0,0,0,0,0,0,0,0,0,0
20,ODISHA,0,0,0,0,0,0,0,0,0,0,0,0,0
21,PUNJAB,0,0,0,0,0,0,0,0,0,0,0,0,0
22,RAJASTHAN,0,0,0,0,0,0,0,0,0,0,0,0,0
23,SIKKIM,0,0,0,0,0,0,0,0,0,0,0,0,0
24,TAMIL NADU,0,0,0,0,0,0,0,0,0,0,0,0,0
25,TRIPURA,0,0,0,0,0,0,0,0,0,0,0,0,0
26,UTTAR PRADESH,0,0,0,0,0,0,0,0,0,0,0,0,0
27,UTTARAKHAND,0,0,0,0,0,0,0,0,0,0,0,0,0
28,WEST BENGAL,0,0,0,0,0,0,0,0,0,0,0,0,0
,TOTAL (STATES),0,0,1,0,5,0,1,0,0,0,7,0,7
29,A&N ISLANDS,0,0,0,0,0,0,0,0,0,0,0,0,0
30,CHANDIGARH,0,0,0,0,0,0,0,0,0,0,0,0,0
31,D&N HAVELI,0,0,0,0,0,0,0,0,0,0,0,0,0
32,DAMAN & DIU,0,0,0,0,0,0,0,0,0,0,0,0,0
33,DELHI,0,0,0,0,0,0,0,0,0,0,0,0,0
34,LAKSHADWEEP,0,0,0,0,0,0,0,0,0,0,0,0,0
35,PUDUCHERRY,0,0,0,0,0,0,0,0,0,0,0,0,0
,TOTAL (UTS),0,0,0,0,0,0,0,0,0,0,0,0,0
,TOTAL (ALL-INDIA),0,0,1,0,5,0,1,0,0,0,7,0,7
     ,,,,,,,,,,,,,,
,,,,,,,,,,,,,,
STATEMENT OF PERSONS ARRESTED BY SEX AND AGE-GROUP UNDER OTHER RAPE DURING 2009,,,,,,,,,,,,,,
SL,STATE/UT,Below 18 Years,,Between 18-30 Years,,Between 30-45 Years,,Between 45-60 Years,,Above 60 Years,,Total ,,Grand Total
,,Male,Female,Male,Female,Male,Female,Male,Female,Male,Female,Male,Female,
,,B18M,B18F,B30M,B30F,B45M,B45F,B60M,B60F,A60M,A60F,TOTM,TOTF,GTOT
1,ANDHRA PRADESH,62,0,934,12,356,36,73,8,6,0,1431,56,1487
2,ARUNACHAL PRADESH,3,0,50,0,7,0,0,0,0,0,60,0,60
3,ASSAM,39,0,949,1,581,0,73,0,1,0,1643,1,1644
4,BIHAR,33,0,646,4,350,7,46,0,0,0,1075,11,1086
5,CHHATTISGARH,92,0,661,2,289,4,70,0,10,0,1122,6,1128
6,GOA,3,0,36,0,11,2,2,1,1,0,53,3,56
7,GUJARAT,22,0,316,15,211,9,33,2,2,0,584,26,610
8,HARYANA,26,0,498,19,220,26,51,4,3,1,798,50,848
9,HIMACHAL PRADESH,7,0,127,4,78,5,18,4,6,1,236,14,250
10,JAMMU & KASHMIR,0,0,143,0,131,0,28,0,1,0,303,0,303
11,JHARKHAND,61,0,470,2,188,3,41,0,0,0,760,5,765
12,KARNATAKA,7,1,252,11,222,8,67,12,12,3,560,35,595
13,KERALA,4,0,349,4,253,17,62,2,3,0,671,23,694
14,MADHYA PRADESH,202,1,2414,44,1116,59,343,40,17,1,4092,145,4237
15,MAHARASHTRA,86,3,1234,41,488,70,114,28,10,1,1932,143,2075
16,MANIPUR,0,0,10,2,7,0,2,0,1,0,20,2,22
17,MEGHALAYA,5,0,65,1,35,0,4,0,0,0,109,1,110
18,MIZORAM,1,0,29,0,34,0,14,0,2,0,80,0,80
19,NAGALAND,0,0,20,0,3,0,4,0,0,0,27,0,27
20,ODISHA,29,0,626,11,299,22,121,5,6,0,1081,38,1119
21,PUNJAB,8,0,342,32,182,47,58,12,0,0,590,91,681
22,RAJASTHAN,55,2,840,8,388,11,81,1,1,1,1365,23,1388
23,SIKKIM,2,0,13,0,3,0,0,0,1,0,19,0,19
24,TAMIL NADU,17,0,454,6,230,7,60,1,1,0,762,14,776
25,TRIPURA,11,0,157,9,104,10,38,5,2,0,312,24,336
26,UTTAR PRADESH,40,0,1771,0,924,0,183,0,0,0,2918,0,2918
27,UTTARAKHAND,6,0,80,0,46,0,5,0,1,0,138,0,138
28,WEST BENGAL,22,0,967,0,633,2,106,6,10,2,1738,10,1748
,TOTAL (STATES),843,7,14453,228,7389,345,1697,131,97,10,24479,721,25200
29,A&N ISLANDS,0,0,25,1,5,1,3,0,1,0,34,2,36
30,CHANDIGARH,4,0,24,1,8,1,0,0,0,0,36,2,38
31,D&N HAVELI,2,0,3,0,0,0,0,0,0,0,5,0,5
32,DAMAN & DIU,0,0,1,0,0,0,0,0,0,0,1,0,1
33,DELHI,31,0,394,15,97,5,7,4,4,0,533,24,557
34,LAKSHADWEEP,0,0,0,0,0,0,0,0,0,0,0,0,0
35,PUDUCHERRY,0,0,1,0,0,0,0,0,0,0,1,0,1
,TOTAL (UTS),37,0,448,17,110,7,10,4,5,0,610,28,638
,TOTAL (ALL-INDIA),880,7,14901,245,7499,352,1707,135,102,10,25089,749,25838
     ,,,,,,,,,,,,,,
,,,,,,,,,,,,,,
"STATEMENT OF PERSONS ARRESTED BY SEX AND AGE-GROUP UNDER KIDNAPPING AND ABDUCTION (SECTION 363 TO 369, 371 TO 373 IPC) DURING 2009",,,,,,,,,,,,,,
SL,STATE/UT,Below 18 Years,,Between 18-30 Years,,Between 30-45 Years,,Between 45-60 Years,,Above 60 Years,,Total ,,Grand Total
,,Male,Female,Male,Female,Male,Female,Male,Female,Male,Female,Male,Female,
,,B18M,B18F,B30M,B30F,B45M,B45F,B60M,B60F,A60M,A60F,TOTM,TOTF,GTOT
1,ANDHRA PRADESH,30,1,1359,37,685,49,329,17,13,1,2416,105,2521
2,ARUNACHAL PRADESH,0,0,20,0,39,0,2,0,0,0,61,0,61
3,ASSAM,24,2,1452,11,1124,26,218,6,12,0,2830,45,2875
4,BIHAR,42,0,2791,97,1373,107,283,6,24,4,4513,214,4727
5,CHHATTISGARH,16,1,252,2,87,1,14,0,0,0,369,4,373
6,GOA,1,0,23,0,14,0,2,0,0,0,40,0,40
7,GUJARAT,24,9,1057,49,481,52,152,14,10,0,1724,124,1848
8,HARYANA,35,0,525,16,248,17,57,6,4,1,869,40,909
9,HIMACHAL PRADESH,0,0,76,2,48,8,11,2,1,0,136,12,148
10,JAMMU & KASHMIR,0,0,318,28,235,12,124,5,2,1,679,46,725
11,JHARKHAND,27,0,483,19,232,25,44,6,0,0,786,50,836
12,KARNATAKA,2,0,370,29,450,27,153,31,20,12,995,99,1094
13,KERALA,4,0,213,0,177,6,32,2,2,0,428,8,436
14,MADHYA PRADESH,51,2,853,25,471,34,170,7,15,2,1560,70,1630
15,MAHARASHTRA,41,4,1082,65,578,118,112,32,6,5,1819,224,2043
16,MANIPUR,0,0,53,7,28,9,12,4,3,3,96,23,119
17,MEGHALAYA,0,0,33,0,22,0,3,0,0,0,58,0,58
18,MIZORAM,0,0,2,0,2,0,0,0,0,0,4,0,4
19,NAGALAND,0,0,43,5,21,2,1,1,0,0,65,8,73
20,ODISHA,4,0,494,8,363,14,99,3,28,0,988,25,1013
21,PUNJAB,7,0,399,43,230,49,68,16,4,0,708,108,816
22,RAJASTHAN,60,1,994,33,556,36,140,5,3,0,1753,75,1828
23,SIKKIM,0,0,4,1,2,0,0,0,0,0,6,1,7
24,TAMIL NADU,4,0,838,47,577,71,208,27,7,0,1634,145,1779
25,TRIPURA,0,0,118,6,44,2,6,0,0,0,168,8,176
26,UTTAR PRADESH,38,2,7367,101,3864,77,898,33,13,0,12180,213,12393
27,UTTARAKHAND,3,0,109,3,85,6,5,2,0,0,202,11,213
28,WEST BENGAL,8,3,773,125,959,126,209,73,11,4,1960,331,2291
,TOTAL (STATES),421,25,22101,759,12995,874,3352,298,178,33,39047,1989,41036
29,A&N ISLANDS,0,0,11,0,5,0,0,0,0,0,16,0,16
30,CHANDIGARH,0,0,14,1,11,6,0,0,0,0,25,7,32
31,D&N HAVELI,0,0,10,2,3,0,1,0,0,0,14,2,16
32,DAMAN & DIU,0,0,4,0,0,0,0,0,0,0,4,0,4
33,DELHI,13,1,459,20,115,10,6,1,0,0,593,32,625
34,LAKSHADWEEP,0,0,0,0,0,0,0,0,0,0,0,0,0
35,PUDUCHERRY,0,0,22,1,1,0,0,0,0,0,23,1,24
,TOTAL (UTS),13,1,520,24,135,16,7,1,0,0,675,42,717
,TOTAL (ALL-INDIA),434,26,22621,783,13130,890,3359,299,178,33,39722,2031,41753
     ,,,,,,,,,,,,,,
,,,,,,,,,,,,,,
STATEMENT OF PERSONS ARRESTED BY SEX AND AGE-GROUP UNDER KIDNAPPING AND ABDUCTION OF WOMEN AND GIRLS DURING 2009,,,,,,,,,,,,,,
SL,STATE/UT,Below 18 Years,,Between 18-30 Years,,Between 30-45 Years,,Between 45-60 Years,,Above 60 Years,,Total ,,Grand Total
,,Male,Female,Male,Female,Male,Female,Male,Female,Male,Female,Male,Female,
,,B18M,B18F,B30M,B30F,B45M,B45F,B60M,B60F,A60M,A60F,TOTM,TOTF,GTOT
1,ANDHRA PRADESH,23,1,1084,30,512,35,193,10,1,0,1813,76,1889
2,ARUNACHAL PRADESH,0,0,12,0,24,0,2,0,0,0,38,0,38
3,ASSAM,9,0,1264,7,928,19,160,3,2,0,2363,29,2392
4,BIHAR,18,0,1432,75,669,87,95,6,11,4,2225,172,2397
5,CHHATTISGARH,10,1,197,1,50,0,8,0,0,0,265,2,267
6,GOA,0,0,13,0,5,0,0,0,0,0,18,0,18
7,GUJARAT,22,7,868,45,355,49,127,13,8,0,1380,114,1494
8,HARYANA,27,0,323,12,124,12,26,4,2,0,502,28,530
9,HIMACHAL PRADESH,0,0,54,2,30,6,7,2,1,0,92,10,102
10,JAMMU & KASHMIR,0,0,306,28,224,12,118,5,2,1,650,46,696
11,JHARKHAND,10,0,247,7,95,12,20,6,0,0,372,25,397
12,KARNATAKA,1,0,232,16,178,12,43,17,5,2,459,47,506
13,KERALA,3,0,113,0,70,5,9,1,1,0,196,6,202
14,MADHYA PRADESH,37,1,588,24,262,30,102,5,9,2,998,62,1060
15,MAHARASHTRA,25,4,716,50,380,100,77,27,5,4,1203,185,1388
16,MANIPUR,0,0,45,7,18,9,9,3,3,1,75,20,95
17,MEGHALAYA,0,0,12,0,4,0,1,0,0,0,17,0,17
18,MIZORAM,0,0,0,0,0,0,0,0,0,0,0,0,0
19,NAGALAND,0,0,0,5,0,2,0,1,0,0,0,8,8
20,ODISHA,4,0,396,6,289,9,79,3,28,0,796,18,814
21,PUNJAB,5,0,291,41,143,41,34,11,0,0,473,93,566
22,RAJASTHAN,47,1,625,31,302,32,93,5,2,0,1069,69,1138
23,SIKKIM,0,0,4,1,2,0,0,0,0,0,6,1,7
24,TAMIL NADU,4,0,648,38,396,54,149,19,4,0,1201,111,1312
25,TRIPURA,0,0,89,6,24,2,4,0,0,0,117,8,125
26,UTTAR PRADESH,33,2,6261,100,3181,77,787,33,13,0,10275,212,10487
27,UTTARAKHAND,3,0,100,3,73,6,4,2,0,0,180,11,191
28,WEST BENGAL,281,17,15920,535,8338,611,2147,176,97,14,26783,1353,28136
,TOTAL (STATES),8,3,651,114,827,116,174,51,10,4,1670,288,1958
29,A&N ISLANDS,0,0,4,0,1,0,0,0,0,0,5,0,5
30,CHANDIGARH,0,0,12,1,10,6,0,0,0,0,22,7,29
31,D&N HAVELI,0,0,10,1,1,0,0,0,0,0,11,1,12
32,DAMAN & DIU,0,0,0,0,0,0,0,0,0,0,0,0,0
33,DELHI,13,1,277,11,65,3,4,1,0,0,359,16,375
34,LAKSHADWEEP,0,0,0,0,0,0,0,0,0,0,0,0,0
35,PUDUCHERRY,0,0,9,1,1,0,0,0,0,0,10,1,11
,TOTAL (UTS),13,1,312,14,78,9,4,1,0,0,407,25,432
,TOTAL (ALL-INDIA),21,4,963,128,905,125,178,52,10,4,2077,313,2390
     ,,,,,,,,,,,,,,
,,,,,,,,,,,,,,
STATEMENT OF PERSONS ARRESTED BY SEX AND AGE-GROUP UNDER KIDNAPPING AND ABDUCTION OF OTHERS DURING 2009,,,,,,,,,,,,,,
SL,STATE/UT,Below 18 Years,,Between 18-30 Years,,Between 30-45 Years,,Between 45-60 Years,,Above 60 Years,,Total ,,Grand Total
,,Male,Female,Male,Female,Male,Female,Male,Female,Male,Female,Male,Female,
,,B18M,B18F,B30M,B30F,B45M,B45F,B60M,B60F,A60M,A60F,TOTM,TOTF,GTOT
1,ANDHRA PRADESH,7,0,275,7,173,14,136,7,12,1,603,29,632
2,ARUNACHAL PRADESH,0,0,8,0,15,0,0,0,0,0,23,0,23
3,ASSAM,15,2,188,4,196,7,58,3,10,0,467,16,483
4,BIHAR,24,0,1359,22,704,20,188,0,13,0,2288,42,2330
5,CHHATTISGARH,6,0,55,1,37,1,6,0,0,0,104,2,106
6,GOA,1,0,10,0,9,0,2,0,0,0,22,0,22
7,GUJARAT,2,2,189,4,126,3,25,1,2,0,344,10,354
8,HARYANA,8,0,202,4,124,5,31,2,2,1,367,12,379
9,HIMACHAL PRADESH,0,0,22,0,18,2,4,0,0,0,44,2,46
10,JAMMU & KASHMIR,0,0,12,0,11,0,6,0,0,0,29,0,29
11,JHARKHAND,17,0,236,12,137,13,24,0,0,0,414,25,439
12,KARNATAKA,1,0,138,13,272,15,110,14,15,10,536,52,588
13,KERALA,1,0,100,0,107,1,23,1,1,0,232,2,234
14,MADHYA PRADESH,14,1,265,1,209,4,68,2,6,0,562,8,570
15,MAHARASHTRA,16,0,366,15,198,18,35,5,1,1,616,39,655
16,MANIPUR,0,0,8,0,10,0,3,1,0,2,21,3,24
17,MEGHALAYA,0,0,21,0,18,0,2,0,0,0,41,0,41
18,MIZORAM,0,0,2,0,2,0,0,0,0,0,4,0,4
19,NAGALAND,0,0,43,0,21,0,1,0,0,0,65,0,65
20,ODISHA,0,0,98,2,74,5,20,0,0,0,192,7,199
21,PUNJAB,2,0,108,2,87,8,34,5,4,0,235,15,250
22,RAJASTHAN,13,0,369,2,254,4,47,0,1,0,684,6,690
23,SIKKIM,0,0,0,0,0,0,0,0,0,0,0,0,0
24,TAMIL NADU,0,0,190,9,181,17,59,8,3,0,433,34,467
25,TRIPURA,0,0,29,0,20,0,2,0,0,0,51,0,51
26,UTTAR PRADESH,5,0,1106,1,683,0,111,0,0,0,1905,1,1906
27,UTTARAKHAND,0,0,9,0,12,0,1,0,0,0,22,0,22
28,WEST BENGAL,0,0,122,11,132,10,35,22,1,0,290,43,333
,TOTAL (STATES),132,5,5530,110,3830,147,1031,71,71,15,10594,348,10942
29,A&N ISLANDS,0,0,7,0,4,0,0,0,0,0,11,0,11
30,CHANDIGARH,0,0,2,0,1,0,0,0,0,0,3,0,3
31,D&N HAVELI,0,0,0,1,2,0,1,0,0,0,3,1,4
32,DAMAN & DIU,0,0,4,0,0,0,0,0,0,0,4,0,4
33,DELHI,0,0,182,9,50,7,2,0,0,0,234,16,250
34,LAKSHADWEEP,0,0,0,0,0,0,0,0,0,0,0,0,0
35,PUDUCHERRY,0,0,13,0,0,0,0,0,0,0,13,0,13
,TOTAL (UTS),0,0,208,10,57,7,3,0,0,0,268,17,285
,TOTAL (ALL-INDIA),132,5,5738,120,3887,154,1034,71,71,15,10862,365,11227
     ,,,,,,,,,,,,,,
,,,,,,,,,,,,,,
STATEMENT OF PERSONS ARRESTED BY SEX AND AGE-GROUP UNDER DACOITY (SECTION  395 TO 398 IPC) DURING 2009,,,,,,,,,,,,,,
SL,STATE/UT,Below 18 Years,,Between 18-30 Years,,Between 30-45 Years,,Between 45-60 Years,,Above 60 Years,,Total ,,Grand Total
,,Male,Female,Male,Female,Male,Female,Male,Female,Male,Female,Male,Female,
,,B18M,B18F,B30M,B30F,B45M,B45F,B60M,B60F,A60M,A60F,TOTM,TOTF,GTOT
1,ANDHRA PRADESH,5,0,269,4,156,2,29,0,0,0,459,6,465
2,ARUNACHAL PRADESH,0,0,35,0,12,0,0,0,0,0,47,0,47
3,ASSAM,7,0,458,0,406,0,40,0,4,0,915,0,915
4,BIHAR,9,0,1196,0,648,0,139,0,2,0,1994,0,1994
5,CHHATTISGARH,10,0,186,2,132,1,63,0,12,0,403,3,406
6,GOA,0,0,13,0,2,0,1,0,0,0,16,0,16
7,GUJARAT,10,0,551,5,340,5,98,0,6,1,1005,11,1016
8,HARYANA,2,0,339,1,172,0,26,0,0,0,539,1,540
9,HIMACHAL PRADESH,1,0,24,0,3,0,0,0,0,0,28,0,28
10,JAMMU & KASHMIR,0,0,4,0,5,0,1,0,0,0,10,0,10
11,JHARKHAND,14,0,438,0,307,0,29,0,0,0,788,0,788
12,KARNATAKA,7,0,268,7,392,10,164,6,12,2,843,25,868
13,KERALA,3,0,304,1,226,3,46,1,2,0,581,5,586
14,MADHYA PRADESH,11,0,416,1,222,0,50,0,1,0,700,1,701
15,MAHARASHTRA,99,0,2092,82,1229,102,370,31,53,4,3843,219,4062
16,MANIPUR,0,0,0,0,0,0,0,0,0,0,0,0,0
17,MEGHALAYA,3,0,48,0,55,0,12,0,1,0,119,0,119
18,MIZORAM,0,0,0,0,0,0,0,0,0,0,0,0,0
19,NAGALAND,0,0,1,1,2,0,0,0,0,0,3,1,4
20,ODISHA,11,0,742,0,566,1,169,0,2,0,1490,1,1491
21,PUNJAB,0,0,47,0,44,0,10,0,0,0,101,0,101
22,RAJASTHAN,0,0,113,0,75,2,20,2,0,0,208,4,212
23,SIKKIM,0,0,2,0,2,0,0,0,0,0,4,0,4
24,TAMIL NADU,2,0,263,1,148,3,30,0,0,0,443,4,447
25,TRIPURA,0,0,16,0,10,0,0,0,0,0,26,0,26
26,UTTAR PRADESH,0,0,958,0,583,0,108,0,0,0,1649,0,1649
27,UTTARAKHAND,0,0,61,0,38,0,5,0,0,0,104,0,104
28,WEST BENGAL,0,0,325,5,275,3,66,0,0,0,666,8,674
,TOTAL (STATES),194,0,9169,110,6050,132,1476,40,95,7,16984,289,17273
29,A&N ISLANDS,0,0,0,0,0,0,0,0,0,0,0,0,0
30,CHANDIGARH,0,0,12,0,4,0,0,0,0,0,16,0,16
31,D&N HAVELI,0,0,15,0,4,0,1,0,0,0,20,0,20
32,DAMAN & DIU,0,0,2,0,2,0,0,0,0,0,4,0,4
33,DELHI,6,0,109,0,56,0,1,0,0,0,172,0,172
34,LAKSHADWEEP,0,0,1,0,0,0,0,0,0,0,1,0,1
35,PUDUCHERRY,1,0,18,0,1,0,0,0,0,0,20,0,20
,TOTAL (UTS),7,0,157,0,67,0,2,0,0,0,233,0,233
,TOTAL (ALL-INDIA),201,0,9326,110,6117,132,1478,40,95,7,17217,289,17506
     ,,,,,,,,,,,,,,
,,,,,,,,,,,,,,
STATEMENT OF PERSONS ARRESTED BY SEX AND AGE-GROUP UNDER PREPARATION AND ASSEMBLY FOR DACOITY (SECTION 399 TO 402 IPC) DURING 2009,,,,,,,,,,,,,,
SL,STATE/UT,Below 18 Years,,Between 18-30 Years,,Between 30-45 Years,,Between 45-60 Years,,Above 60 Years,,Total ,,Grand Total
,,Male,Female,Male,Female,Male,Female,Male,Female,Male,Female,Male,Female,
,,B18M,B18F,B30M,B30F,B45M,B45F,B60M,B60F,A60M,A60F,TOTM,TOTF,GTOT
1,ANDHRA PRADESH,0,0,69,0,76,2,5,0,0,1,150,3,153
2,ARUNACHAL PRADESH,0,0,0,0,0,0,0,0,0,0,0,0,0
3,ASSAM,1,0,45,0,24,0,7,0,0,0,77,0,77
4,BIHAR,1,0,167,0,89,0,47,0,0,0,304,0,304
5,CHHATTISGARH,0,0,43,0,27,0,10,0,0,0,80,0,80
6,GOA,0,0,0,0,0,0,0,0,0,0,0,0,0
7,GUJARAT,0,0,42,0,15,0,3,0,0,0,60,0,60
8,HARYANA,20,0,657,0,307,0,46,0,1,0,1031,0,1031
9,HIMACHAL PRADESH,0,0,0,0,0,0,0,0,0,0,0,0,0
10,JAMMU & KASHMIR,0,0,0,0,0,0,0,0,0,0,0,0,0
11,JHARKHAND,3,0,114,0,39,0,4,0,0,0,160,0,160
12,KARNATAKA,1,0,218,11,974,4,248,50,14,50,1455,115,1570
13,KERALA,1,0,418,0,336,0,90,0,7,0,852,0,852
14,MADHYA PRADESH,8,0,485,0,253,0,86,0,3,0,835,0,835
15,MAHARASHTRA,27,1,1012,2,293,2,26,1,2,0,1360,6,1366
16,MANIPUR,0,0,97,1,48,0,22,0,5,0,172,1,173
17,MEGHALAYA,0,0,0,0,0,0,0,0,0,0,0,0,0
18,MIZORAM,0,0,0,0,0,0,0,0,0,0,0,0,0
19,NAGALAND,0,0,0,0,0,0,0,0,0,0,0,0,0
20,ODISHA,0,0,186,11,121,5,57,0,0,0,364,16,380
21,PUNJAB,0,0,257,0,193,0,18,0,0,0,468,0,468
22,RAJASTHAN,5,0,190,0,66,0,12,0,0,0,273,0,273
23,SIKKIM,0,0,0,0,0,0,0,0,0,0,0,0,0
24,TAMIL NADU,0,0,55,0,30,0,2,0,0,0,87,0,87
25,TRIPURA,0,0,0,0,0,0,0,0,0,0,0,0,0
26,UTTAR PRADESH,0,0,171,0,94,0,27,0,0,0,292,0,292
27,UTTARAKHAND,0,0,26,0,10,0,0,0,0,0,36,0,36
28,WEST BENGAL,2,0,1450,0,882,0,168,0,7,0,2509,0,2509
,TOTAL (STATES),69,1,5702,25,3877,13,878,51,39,51,10565,141,10706
29,A&N ISLANDS,0,0,0,0,0,0,0,0,0,0,0,0,0
30,CHANDIGARH,0,0,10,0,0,0,0,0,0,0,10,0,10
31,D&N HAVELI,0,0,0,0,0,0,0,0,0,0,0,0,0
32,DAMAN & DIU,0,0,0,0,0,0,0,0,0,0,0,0,0
33,DELHI,1,0,243,0,78,0,6,0,0,0,328,0,328
34,LAKSHADWEEP,0,0,0,0,0,0,0,0,0,0,0,0,0
35,PUDUCHERRY,3,0,16,0,2,0,0,0,0,0,21,0,21
,TOTAL (UTS),4,0,269,0,80,0,6,0,0,0,359,0,359
,TOTAL (ALL-INDIA),73,1,5971,25,3957,13,884,51,39,51,10924,141,11065
     ,,,,,,,,,,,,,,
,,,,,,,,,,,,,,
"STATEMENT OF PERSONS ARRESTED BY SEX AND AGE-GROUP UNDER ROBBERY (SECTION 392 TO 394, 397, 398 IPC) DURING 2009",,,,,,,,,,,,,,
SL,STATE/UT,Below 18 Years,,Between 18-30 Years,,Between 30-45 Years,,Between 45-60 Years,,Above 60 Years,,Total ,,Grand Total
,,Male,Female,Male,Female,Male,Female,Male,Female,Male,Female,Male,Female,
,,B18M,B18F,B30M,B30F,B45M,B45F,B60M,B60F,A60M,A60F,TOTM,TOTF,GTOT
1,ANDHRA PRADESH,12,0,598,4,230,5,35,0,0,0,875,9,884
2,ARUNACHAL PRADESH,6,0,36,0,10,1,0,0,0,0,52,1,53
3,ASSAM,10,0,534,0,458,0,143,0,0,0,1145,0,1145
4,BIHAR,22,0,1546,0,1009,0,293,0,3,0,2873,0,2873
5,CHHATTISGARH,52,0,587,0,212,0,40,0,0,0,891,0,891
6,GOA,1,0,37,1,10,0,1,1,0,0,49,2,51
7,GUJARAT,15,0,890,9,428,15,90,1,4,0,1427,25,1452
8,HARYANA,15,0,735,0,390,0,74,0,0,0,1214,0,1214
9,HIMACHAL PRADESH,1,0,31,0,5,0,2,0,0,0,39,0,39
10,JAMMU & KASHMIR,0,0,49,0,48,0,13,0,0,0,110,0,110
11,JHARKHAND,18,0,463,0,272,0,26,0,0,0,779,0,779
12,KARNATAKA,6,0,632,15,903,18,175,10,11,42,1727,85,1812
13,KERALA,8,0,603,20,338,10,118,0,16,0,1083,30,1113
14,MADHYA PRADESH,70,0,1975,12,1020,5,333,1,13,1,3411,19,3430
15,MAHARASHTRA,203,4,3455,23,1094,12,220,2,10,0,4982,41,5023
16,MANIPUR,0,0,0,0,0,0,0,0,0,0,0,0,0
17,MEGHALAYA,1,0,37,0,27,0,0,0,0,0,65,0,65
18,MIZORAM,0,0,2,0,1,0,1,0,0,0,4,0,4
19,NAGALAND,1,0,66,1,14,0,10,2,0,2,91,5,96
20,ODISHA,18,0,999,1,925,0,167,0,0,0,2109,1,2110
21,PUNJAB,3,0,174,0,105,0,10,0,0,0,292,0,292
22,RAJASTHAN,34,0,849,4,294,5,36,0,2,0,1215,9,1224
23,SIKKIM,0,0,7,0,0,0,0,0,0,0,7,0,7
24,TAMIL NADU,21,1,911,10,480,6,140,1,11,0,1563,18,1581
25,TRIPURA,4,0,41,0,31,1,8,0,0,0,84,1,85
26,UTTAR PRADESH,2,0,2932,0,1486,0,235,0,0,0,4655,0,4655
27,UTTARAKHAND,5,0,138,0,104,0,12,0,0,0,259,0,259
28,WEST BENGAL,0,0,475,0,278,1,72,0,4,0,829,1,830
,TOTAL (STATES),528,5,18802,100,10172,79,2254,18,74,45,31830,247,32077
29,A&N ISLANDS,0,0,10,0,5,0,2,0,0,0,17,0,17
30,CHANDIGARH,1,0,35,0,9,0,0,0,0,0,45,0,45
31,D&N HAVELI,0,0,0,0,2,0,0,0,0,0,2,0,2
32,DAMAN & DIU,0,0,4,0,1,0,0,0,0,0,5,0,5
33,DELHI,48,0,834,2,197,2,10,0,0,0,1089,4,1093
34,LAKSHADWEEP,0,0,0,0,0,0,0,0,0,0,0,0,0
35,PUDUCHERRY,0,0,17,0,3,0,0,0,0,0,20,0,20
,TOTAL (UTS),49,0,900,2,217,2,12,0,0,0,1178,4,1182
,TOTAL (ALL-INDIA),577,5,19702,102,10389,81,2266,18,74,45,33008,251,33259
     ,,,,,,,,,,,,,,
,,,,,,,,,,,,,,
"STATEMENT OF PERSONS ARRESTED BY SEX AND AGE-GROUP UNDER BURGLARY (SECTION 449 TO 452, 454, 455, 457 TO 460 IPC) DURING 2009",,,,,,,,,,,,,,
SL,STATE/UT,Below 18 Years,,Between 18-30 Years,,Between 30-45 Years,,Between 45-60 Years,,Above 60 Years,,Total ,,Grand Total
,,Male,Female,Male,Female,Male,Female,Male,Female,Male,Female,Male,Female,
,,B18M,B18F,B30M,B30F,B45M,B45F,B60M,B60F,A60M,A60F,TOTM,TOTF,GTOT
1,ANDHRA PRADESH,233,2,3812,121,1793,55,558,5,5,0,6401,183,6584
2,ARUNACHAL PRADESH,21,0,119,1,29,0,0,0,0,0,169,1,170
3,ASSAM,76,4,2261,0,1706,0,207,0,4,0,4254,4,4258
4,BIHAR,48,0,1375,3,943,1,313,1,1,0,2680,5,2685
5,CHHATTISGARH,462,3,1494,15,649,24,116,4,5,0,2726,46,2772
6,GOA,22,1,180,0,35,1,9,0,0,0,246,2,248
7,GUJARAT,175,2,1786,26,962,23,245,6,5,0,3173,57,3230
8,HARYANA,137,4,1519,43,898,36,190,3,5,0,2749,86,2835
9,HIMACHAL PRADESH,28,1,194,8,142,20,89,19,10,2,463,50,513
10,JAMMU & KASHMIR,3,0,332,2,278,3,123,0,21,0,757,5,762
11,JHARKHAND,11,0,383,0,177,0,63,0,0,0,634,0,634
12,KARNATAKA,34,0,1298,27,1461,32,450,12,31,1,3274,72,3346
13,KERALA,93,0,1016,14,933,24,303,2,23,0,2368,40,2408
14,MADHYA PRADESH,326,6,3478,30,2054,29,716,10,32,1,6606,76,6682
15,MAHARASHTRA,795,15,7361,171,3002,178,812,77,69,17,12039,458,12497
16,MANIPUR,0,0,26,0,2,0,1,0,1,0,30,0,30
17,MEGHALAYA,16,0,52,0,23,0,0,0,0,0,91,0,91
18,MIZORAM,9,0,127,0,143,0,34,0,0,0,313,0,313
19,NAGALAND,3,0,38,0,3,0,1,0,0,0,45,0,45
20,ODISHA,54,0,1103,3,848,7,282,3,0,0,2287,13,2300
21,PUNJAB,25,0,1036,9,669,7,223,1,10,0,1963,17,1980
22,RAJASTHAN,311,7,1940,35,863,30,276,0,14,0,3404,72,3476
23,SIKKIM,6,0,68,0,20,0,5,1,0,0,99,1,100
24,TAMIL NADU,147,3,1814,22,1250,27,415,4,62,5,3688,61,3749
25,TRIPURA,7,0,123,0,57,0,22,0,0,0,209,0,209
26,UTTAR PRADESH,16,0,2286,0,1361,0,513,2,0,0,4176,2,4178
27,UTTARAKHAND,28,0,156,0,119,0,15,0,0,0,318,0,318
28,WEST BENGAL,7,0,231,7,144,1,70,1,5,0,457,9,466
,TOTAL (STATES),3093,48,35608,537,20564,498,6051,151,303,26,65619,1260,66879
29,A&N ISLANDS,11,0,37,2,24,0,2,0,0,0,74,2,76
30,CHANDIGARH,11,0,47,0,27,0,0,0,0,0,85,0,85
31,D&N HAVELI,1,0,35,0,12,0,2,0,0,0,50,0,50
32,DAMAN & DIU,0,0,41,0,2,0,2,0,0,0,45,0,45
33,DELHI,42,0,938,3,241,1,15,1,0,0,1236,5,1241
34,LAKSHADWEEP,0,0,2,0,0,0,0,0,0,0,2,0,2
35,PUDUCHERRY,4,0,47,2,22,0,2,0,0,0,75,2,77
,TOTAL (UTS),69,0,1147,7,328,1,23,1,0,0,1567,9,1576
,TOTAL (ALL-INDIA),3162,48,36755,544,20892,499,6074,152,303,26,67186,1269,68455
     ,,,,,,,,,,,,,,
,,,,,,,,,,,,,,
STATEMENT OF PERSONS ARRESTED BY SEX AND AGE-GROUP UNDER THEFT (SECTION 379 TO 382 IPC) DURING 2009,,,,,,,,,,,,,,
SL,STATE/UT,Below 18 Years,,Between 18-30 Years,,Between 30-45 Years,,Between 45-60 Years,,Above 60 Years,,Total ,,Grand Total
,,Male,Female,Male,Female,Male,Female,Male,Female,Male,Female,Male,Female,
,,B18M,B18F,B30M,B30F,B45M,B45F,B60M,B60F,A60M,A60F,TOTM,TOTF,GTOT
1,ANDHRA PRADESH,565,15,10866,303,4787,231,1548,61,52,6,17818,616,18434
2,ARUNACHAL PRADESH,4,0,230,1,93,1,4,0,0,0,331,2,333
3,ASSAM,263,11,4839,406,3296,173,777,92,131,0,9306,682,9988
4,BIHAR,155,2,4220,43,3496,41,705,6,12,3,8588,95,8683
5,CHHATTISGARH,289,0,1959,33,1004,26,217,16,14,2,3483,77,3560
6,GOA,24,0,262,24,80,9,20,3,7,1,393,37,430
7,GUJARAT,453,39,6238,122,2681,104,572,22,26,6,9970,293,10263
8,HARYANA,208,4,3099,75,1924,37,461,12,33,2,5725,130,5855
9,HIMACHAL PRADESH,25,1,328,2,167,3,73,0,6,0,599,6,605
10,JAMMU & KASHMIR,0,0,1098,1,1314,5,648,2,80,0,3140,8,3148
11,JHARKHAND,115,14,1905,40,1412,18,353,4,1,0,3786,76,3862
12,KARNATAKA,57,1,2382,49,3303,79,997,35,101,6,6840,170,7010
13,KERALA,167,6,1893,133,1479,127,582,25,24,3,4145,294,4439
14,MADHYA PRADESH,420,32,6953,184,4043,106,1361,12,104,1,12881,335,13216
15,MAHARASHTRA,1875,49,18376,639,6974,464,1935,129,151,28,29311,1309,30620
16,MANIPUR,0,0,36,3,24,1,9,1,0,0,69,5,74
17,MEGHALAYA,31,1,146,13,101,4,26,0,4,0,308,18,326
18,MIZORAM,9,0,264,4,358,1,166,0,0,0,797,5,802
19,NAGALAND,5,0,155,2,77,1,19,0,1,0,257,3,260
20,ODISHA,141,3,2688,43,2300,48,1010,7,23,0,6162,101,6263
21,PUNJAB,31,0,2145,44,1556,54,452,9,13,2,4197,109,4306
22,RAJASTHAN,429,15,4974,67,2155,59,622,14,64,0,8244,155,8399
23,SIKKIM,25,1,10,5,14,1,2,0,0,0,51,7,58
24,TAMIL NADU,498,59,7054,525,4306,386,1479,139,159,3,13496,1112,14608
25,TRIPURA,12,2,198,6,144,0,24,0,3,0,381,8,389
26,UTTAR PRADESH,113,2,9288,36,4990,51,1583,6,15,0,15989,95,16084
27,UTTARAKHAND,64,0,632,6,372,4,54,0,0,0,1122,10,1132
28,WEST BENGAL,46,2,5383,547,4230,326,1541,200,19,4,11219,1079,12298
,TOTAL (STATES),6024,259,97621,3356,56680,2360,17240,795,1043,67,178608,6837,185445
29,A&N ISLANDS,2,0,69,0,40,0,9,0,1,0,121,0,121
30,CHANDIGARH,52,1,168,1,201,3,51,4,1,2,473,11,484
31,D&N HAVELI,16,0,34,0,8,0,2,0,0,0,60,0,60
32,DAMAN & DIU,0,0,14,0,7,0,1,0,0,0,22,0,22
33,DELHI,162,3,5601,69,1836,54,181,4,8,0,7788,130,7918
34,LAKSHADWEEP,0,0,4,0,0,0,0,0,0,0,4,0,4
35,PUDUCHERRY,21,0,181,7,70,4,9,2,0,0,281,13,294
,TOTAL (UTS),253,4,6071,77,2162,61,253,10,10,2,8749,154,8903
,TOTAL (ALL-INDIA),6277,263,103692,3433,58842,2421,17493,805,1053,69,187357,6991,194348
     ,,,,,,,,,,,,,,
,,,,,,,,,,,,,,
STATEMENT OF PERSONS ARRESTED BY SEX AND AGE-GROUP UNDER AUTO THEFT DURING 2009,,,,,,,,,,,,,,
SL,STATE/UT,Below 18 Years,,Between 18-30 Years,,Between 30-45 Years,,Between 45-60 Years,,Above 60 Years,,Total ,,Grand Total
,,Male,Female,Male,Female,Male,Female,Male,Female,Male,Female,Male,Female,
,,B18M,B18F,B30M,B30F,B45M,B45F,B60M,B60F,A60M,A60F,TOTM,TOTF,GTOT
1,ANDHRA PRADESH,158,1,3355,21,1101,5,211,0,10,0,4835,27,4862
2,ARUNACHAL PRADESH,0,0,42,0,3,0,0,0,0,0,45,0,45
3,ASSAM,7,1,611,0,477,0,37,0,0,0,1132,1,1133
4,BIHAR,31,0,1139,0,1600,0,142,0,5,0,2917,0,2917
5,CHHATTISGARH,79,0,520,2,247,0,16,0,0,0,862,2,864
6,GOA,18,0,84,0,12,0,1,0,0,0,115,0,115
7,GUJARAT,228,0,2408,0,937,0,159,0,2,0,3734,0,3734
8,HARYANA,112,0,1646,0,940,0,171,0,2,0,2871,0,2871
9,HIMACHAL PRADESH,8,0,97,0,34,0,8,0,0,0,147,0,147
10,JAMMU & KASHMIR,0,0,107,0,104,0,51,0,1,0,263,0,263
11,JHARKHAND,25,0,678,0,609,0,125,0,0,0,1437,0,1437
12,KARNATAKA,19,0,805,8,1100,0,305,9,37,0,2266,17,2283
13,KERALA,86,0,681,0,456,12,130,0,5,0,1358,12,1370
14,MADHYA PRADESH,75,0,2105,3,1227,1,342,0,9,0,3758,4,3762
15,MAHARASHTRA,660,4,4759,6,1486,0,209,0,6,0,7120,10,7130
16,MANIPUR,0,0,14,0,5,0,5,0,0,0,24,0,24
17,MEGHALAYA,0,0,26,0,31,0,3,0,0,0,60,0,60
18,MIZORAM,2,0,44,0,29,0,2,0,0,0,77,0,77
19,NAGALAND,0,0,13,0,17,0,1,0,0,0,31,0,31
20,ODISHA,4,0,897,1,677,1,307,0,2,0,1887,2,1889
21,PUNJAB,8,0,819,1,539,0,190,0,4,0,1560,1,1561
22,RAJASTHAN,175,0,2123,0,701,0,167,0,8,0,3174,0,3174
23,SIKKIM,0,0,8,0,4,0,0,0,0,0,12,0,12
24,TAMIL NADU,86,0,1918,0,1290,0,376,0,9,0,3679,0,3679
25,TRIPURA,3,0,18,0,9,0,0,0,0,0,30,0,30
26,UTTAR PRADESH,16,0,3367,0,1036,0,103,0,0,0,4522,0,4522
27,UTTARAKHAND,21,0,188,0,114,0,9,0,0,0,332,0,332
28,WEST BENGAL,3,0,1003,2,713,1,185,0,2,0,1906,3,1909
,TOTAL (STATES),1824,6,29475,44,15498,20,3255,9,102,0,50154,79,50233
29,A&N ISLANDS,0,0,7,0,3,0,0,0,0,0,10,0,10
30,CHANDIGARH,9,0,126,0,20,0,2,0,0,0,157,0,157
31,D&N HAVELI,0,0,2,0,0,0,0,0,0,0,2,0,2
32,DAMAN & DIU,0,0,5,0,1,0,0,0,0,0,6,0,6
33,DELHI,61,0,2581,0,693,0,57,0,2,0,3394,0,3394
34,LAKSHADWEEP,0,0,0,0,0,0,0,0,0,0,0,0,0
35,PUDUCHERRY,11,0,83,0,12,0,0,0,0,0,106,0,106
,TOTAL (UTS),81,0,2804,0,729,0,59,0,2,0,3675,0,3675
,TOTAL (ALL-INDIA),1905,6,32279,44,16227,20,3314,9,104,0,53829,79,53908
     ,,,,,,,,,,,,,,
,,,,,,,,,,,,,,
STATEMENT OF PERSONS ARRESTED BY SEX AND AGE-GROUP UNDER OTHER THEFT DURING 2009,,,,,,,,,,,,,,
SL,STATE/UT,Below 18 Years,,Between 18-30 Years,,Between 30-45 Years,,Between 45-60 Years,,Above 60 Years,,Total ,,Grand Total
,,Male,Female,Male,Female,Male,Female,Male,Female,Male,Female,Male,Female,
,,B18M,B18F,B30M,B30F,B45M,B45F,B60M,B60F,A60M,A60F,TOTM,TOTF,GTOT
1,ANDHRA PRADESH,407,14,7511,282,3686,226,1337,61,42,6,12983,589,13572
2,ARUNACHAL PRADESH,4,0,188,1,90,1,4,0,0,0,286,2,288
3,ASSAM,256,10,4228,406,2819,173,740,92,131,0,8174,681,8855
4,BIHAR,124,2,3081,43,1896,41,563,6,7,3,5671,95,5766
5,CHHATTISGARH,210,0,1439,31,757,26,201,16,14,2,2621,75,2696
6,GOA,6,0,178,24,68,9,19,3,7,1,278,37,315
7,GUJARAT,225,39,3830,122,1744,104,413,22,24,6,6236,293,6529
8,HARYANA,96,4,1453,75,984,37,290,12,31,2,2854,130,2984
9,HIMACHAL PRADESH,17,1,231,2,133,3,65,0,6,0,452,6,458
10,JAMMU & KASHMIR,0,0,991,1,1210,5,597,2,79,0,2877,8,2885
11,JHARKHAND,90,14,1227,40,803,18,228,4,1,0,2349,76,2425
12,KARNATAKA,38,1,1577,41,2203,79,692,26,64,6,4574,153,4727
13,KERALA,81,6,1212,133,1023,115,452,25,19,3,2787,282,3069
14,MADHYA PRADESH,345,32,4848,181,2816,105,1019,12,95,1,9123,331,9454
15,MAHARASHTRA,1215,45,13617,633,5488,464,1726,129,145,28,22191,1299,23490
16,MANIPUR,0,0,22,3,19,1,4,1,0,0,45,5,50
17,MEGHALAYA,31,1,120,13,70,4,23,0,4,0,248,18,266
18,MIZORAM,7,0,220,4,329,1,164,0,0,0,720,5,725
19,NAGALAND,5,0,142,2,60,1,18,0,1,0,226,3,229
20,ODISHA,137,3,1791,42,1623,47,703,7,21,0,4275,99,4374
21,PUNJAB,23,0,1326,43,1017,54,262,9,9,2,2637,108,2745
22,RAJASTHAN,254,15,2851,67,1454,59,455,14,56,0,5070,155,5225
23,SIKKIM,25,1,2,5,10,1,2,0,0,0,39,7,46
24,TAMIL NADU,412,59,5136,525,3016,386,1103,139,150,3,9817,1112,10929
25,TRIPURA,9,2,180,6,135,0,24,0,3,0,351,8,359
26,UTTAR PRADESH,97,2,5921,36,3954,51,1480,6,15,0,11467,95,11562
27,UTTARAKHAND,43,0,444,6,258,4,45,0,0,0,790,10,800
28,WEST BENGAL,43,2,4380,545,3517,325,1356,200,17,4,9313,1076,10389
,TOTAL (STATES),4200,253,68146,3312,41182,2340,13985,786,941,67,128454,6758,135212
29,A&N ISLANDS,2,0,62,0,37,0,9,0,1,0,111,0,111
30,CHANDIGARH,43,1,42,1,181,3,49,4,1,2,316,11,327
31,D&N HAVELI,16,0,32,0,8,0,2,0,0,0,58,0,58
32,DAMAN & DIU,0,0,9,0,6,0,1,0,0,0,16,0,16
33,DELHI,101,3,3020,69,1143,54,124,4,6,0,4394,130,4524
34,LAKSHADWEEP,0,0,4,0,0,0,0,0,0,0,4,0,4
35,PUDUCHERRY,10,0,98,7,58,4,9,2,0,0,175,13,188
,TOTAL (UTS),172,4,3267,77,1433,61,194,10,8,2,5074,154,5228
,TOTAL (ALL-INDIA),4372,257,71413,3389,42615,2401,14179,796,949,69,133528,6912,140440
     ,,,,,,,,,,,,,,
,,,,,,,,,,,,,,
"STATEMENT OF PERSONS ARRESTED BY SEX AND AGE-GROUP UNDER RIOTS (SECTION 143, 144, 145, 147, 148, 149, 150, 151, 153, 153A, 153B, 157, 158, 160 IPC) DURING 2009",,,,,,,,,,,,,,
SL,STATE/UT,Below 18 Years,,Between 18-30 Years,,Between 30-45 Years,,Between 45-60 Years,,Above 60 Years,,Total ,,Grand Total
,,Male,Female,Male,Female,Male,Female,Male,Female,Male,Female,Male,Female,
,,B18M,B18F,B30M,B30F,B45M,B45F,B60M,B60F,A60M,A60F,TOTM,TOTF,GTOT
1,ANDHRA PRADESH,35,0,4933,303,4730,262,1712,99,151,7,11561,671,12232
2,ARUNACHAL PRADESH,10,0,118,0,12,0,0,0,0,0,140,0,140
3,ASSAM,29,8,3380,160,3967,97,991,24,32,0,8399,289,8688
4,BIHAR,186,8,21912,389,10848,292,4101,90,201,5,37248,784,38032
5,CHHATTISGARH,101,10,2464,126,1871,127,557,35,115,3,5108,301,5409
6,GOA,0,0,130,11,92,30,33,4,3,2,258,47,305
7,GUJARAT,153,12,4547,250,3699,308,1292,144,142,19,9833,733,10566
8,HARYANA,79,3,2622,73,1882,60,602,27,114,3,5299,166,5465
9,HIMACHAL PRADESH,15,5,1094,168,871,221,398,119,81,30,2459,543,3002
10,JAMMU & KASHMIR,1,0,1684,221,2342,216,1015,86,265,7,5307,530,5837
11,JHARKHAND,66,0,3427,149,2938,118,737,21,43,0,7211,288,7499
12,KARNATAKA,13,0,7267,744,10561,979,4580,602,878,159,23299,2484,25783
13,KERALA,199,0,15388,219,14183,580,5655,179,359,15,35784,993,36777
14,MADHYA PRADESH,192,8,7543,240,5522,248,2102,130,359,20,15718,646,16364
15,MAHARASHTRA,693,51,23726,1668,16857,2156,7055,890,1050,195,49381,4960,54341
16,MANIPUR,0,0,27,0,11,2,1,0,0,0,39,2,41
17,MEGHALAYA,0,0,1,0,2,1,0,0,0,0,3,1,4
18,MIZORAM,0,0,2,0,0,0,0,0,0,0,2,0,2
19,NAGALAND,0,0,2,0,3,0,0,0,0,0,5,0,5
20,ODISHA,16,0,3524,160,3095,158,1090,38,109,0,7834,356,8190
21,PUNJAB,0,0,3,0,0,0,0,0,0,0,3,0,3
22,RAJASTHAN,34,5,2368,287,1669,266,705,93,148,17,4924,668,5592
23,SIKKIM,13,1,107,11,13,4,5,0,1,0,139,16,155
24,TAMIL NADU,19,0,4873,499,4488,517,2170,223,165,2,11715,1241,12956
25,TRIPURA,10,1,196,28,131,19,57,6,3,0,397,54,451
26,UTTAR PRADESH,4,0,12302,70,9054,97,4832,35,525,0,26717,202,26919
27,UTTARAKHAND,5,0,683,23,628,33,155,14,0,0,1471,70,1541
28,WEST BENGAL,7,3,6275,490,6070,371,1487,56,105,6,13944,926,14870
,TOTAL (STATES),1880,115,130598,6289,105539,7162,41332,2915,4849,490,284198,16971,301169
29,A&N ISLANDS,5,0,56,0,15,0,8,2,0,0,84,2,86
30,CHANDIGARH,17,0,120,2,106,11,13,0,3,0,259,13,272
31,D&N HAVELI,2,0,160,4,88,6,18,2,0,1,268,13,281
32,DAMAN & DIU,1,0,126,0,45,0,10,0,1,0,183,0,183
33,DELHI,5,0,224,5,108,9,52,1,1,1,390,16,406
34,LAKSHADWEEP,0,0,40,0,45,0,2,0,0,0,87,0,87
35,PUDUCHERRY,0,0,517,37,331,67,131,25,10,0,989,129,1118
,TOTAL (UTS),30,0,1243,48,738,93,234,30,15,2,2260,173,2433
,TOTAL (ALL-INDIA),1910,115,131841,6337,106277,7255,41566,2945,4864,492,286458,17144,303602
     ,,,,,,,,,,,,,,
,,,,,,,,,,,,,,
STATEMENT OF PERSONS ARRESTED BY SEX AND AGE-GROUP UNDER CRIMINAL BREACH OF TRUST (SECTION 406 TO 409) DURING 2009,,,,,,,,,,,,,,
SL,STATE/UT,Below 18 Years,,Between 18-30 Years,,Between 30-45 Years,,Between 45-60 Years,,Above 60 Years,,Total ,,Grand Total
,,Male,Female,Male,Female,Male,Female,Male,Female,Male,Female,Male,Female,
,,B18M,B18F,B30M,B30F,B45M,B45F,B60M,B60F,A60M,A60F,TOTM,TOTF,GTOT
1,ANDHRA PRADESH,0,0,339,26,499,21,225,5,4,0,1067,52,1119
2,ARUNACHAL PRADESH,0,0,0,0,22,0,2,0,0,0,24,0,24
3,ASSAM,0,0,302,6,420,2,166,1,3,0,891,9,900
4,BIHAR,1,0,856,15,566,15,83,4,14,0,1520,34,1554
5,CHHATTISGARH,0,0,65,1,76,1,23,1,0,0,164,3,167
6,GOA,0,0,18,1,18,1,8,0,0,0,44,2,46
7,GUJARAT,0,0,601,42,822,71,364,34,46,6,1833,153,1986
8,HARYANA,10,1,212,7,245,24,91,7,12,1,570,40,610
9,HIMACHAL PRADESH,0,0,27,2,48,2,25,0,4,0,104,4,108
10,JAMMU & KASHMIR,0,0,39,0,65,0,22,0,3,0,129,0,129
11,JHARKHAND,0,0,202,8,228,4,77,0,0,0,507,12,519
12,KARNATAKA,0,0,54,2,137,1,144,3,17,0,352,6,358
13,KERALA,0,0,27,2,141,15,50,1,3,1,221,19,240
14,MADHYA PRADESH,1,0,236,7,257,11,150,4,15,4,659,26,685
15,MAHARASHTRA,2,0,758,40,1072,63,445,22,46,17,2323,142,2465
16,MANIPUR,0,0,1,0,2,1,1,0,2,1,6,2,8
17,MEGHALAYA,0,0,9,0,12,0,2,0,0,0,23,0,23
18,MIZORAM,0,0,5,0,15,2,6,0,1,0,27,2,29
19,NAGALAND,0,0,3,0,5,0,0,0,0,0,8,0,8
20,ODISHA,0,0,123,14,207,20,50,6,4,0,384,40,424
21,PUNJAB,0,0,59,5,130,12,57,2,1,0,247,19,266
22,RAJASTHAN,2,0,88,1,131,1,45,2,2,0,268,4,272
23,SIKKIM,0,0,3,0,2,0,2,0,0,0,7,0,7
24,TAMIL NADU,0,0,31,4,86,2,44,0,6,0,167,6,173
25,TRIPURA,0,0,27,0,22,0,10,0,2,0,61,0,61
26,UTTAR PRADESH,0,0,1685,0,2631,2,1884,12,38,0,6238,14,6252
27,UTTARAKHAND,0,0,29,2,62,4,20,1,0,0,111,7,118
28,WEST BENGAL,0,0,194,8,378,13,203,2,6,0,781,23,804
,TOTAL (STATES),16,1,5993,193,8299,288,4199,107,229,30,18736,619,19355
29,A&N ISLANDS,0,0,2,0,3,0,0,0,0,0,5,0,5
30,CHANDIGARH,0,0,6,0,9,0,5,1,0,0,20,1,21
31,D&N HAVELI,0,0,7,0,4,0,5,0,0,0,16,0,16
32,DAMAN & DIU,0,0,0,0,1,0,3,0,0,0,4,0,4
33,DELHI,0,0,85,1,79,0,22,0,0,1,186,2,188
34,LAKSHADWEEP,0,0,0,0,0,0,0,0,0,0,0,0,0
35,PUDUCHERRY,0,0,1,0,3,0,1,1,0,0,5,1,6
,TOTAL (UTS),0,0,101,1,99,0,36,2,0,1,236,4,240
,TOTAL (ALL-INDIA),16,1,6094,194,8398,288,4235,109,229,31,18972,623,19595
     ,,,,,,,,,,,,,,
,,,,,,,,,,,,,,
STATEMENT OF PERSONS ARRESTED BY SEX AND AGE-GROUP UNDER CHEATING (SECTION 419 TO 420 IPC) DURING 2009,,,,,,,,,,,,,,
SL,STATE/UT,Below 18 Years,,Between 18-30 Years,,Between 30-45 Years,,Between 45-60 Years,,Above 60 Years,,Total ,,Grand Total
,,Male,Female,Male,Female,Male,Female,Male,Female,Male,Female,Male,Female,
,,B18M,B18F,B30M,B30F,B45M,B45F,B60M,B60F,A60M,A60F,TOTM,TOTF,GTOT
1,ANDHRA PRADESH,18,0,2426,132,2575,248,1239,77,147,12,6405,469,6874
2,ARUNACHAL PRADESH,0,0,7,0,26,0,7,0,0,0,40,0,40
3,ASSAM,1,0,457,29,466,15,158,4,4,0,1086,48,1134
4,BIHAR,11,0,1200,28,1216,38,544,11,0,0,2971,77,3048
5,CHHATTISGARH,2,1,271,8,375,16,149,2,23,1,820,28,848
6,GOA,0,0,50,7,37,7,15,0,3,1,105,15,120
7,GUJARAT,6,1,497,20,699,56,257,12,30,7,1489,96,1585
8,HARYANA,10,0,412,17,592,24,280,3,45,2,1339,46,1385
9,HIMACHAL PRADESH,0,0,53,1,102,8,42,4,3,1,200,14,214
10,JAMMU & KASHMIR,0,0,129,1,233,2,99,0,6,0,467,3,470
11,JHARKHAND,2,0,296,34,317,18,135,3,21,0,771,55,826
12,KARNATAKA,2,0,542,32,790,112,933,125,200,35,2467,304,2771
13,KERALA,0,0,493,61,1332,137,664,26,85,3,2574,227,2801
14,MADHYA PRADESH,6,0,865,41,851,32,501,13,38,0,2261,86,2347
15,MAHARASHTRA,37,5,3031,148,3258,320,1490,142,257,43,8073,658,8731
16,MANIPUR,0,0,26,0,17,1,15,1,3,1,61,3,64
17,MEGHALAYA,0,0,10,0,17,0,6,0,1,0,34,0,34
18,MIZORAM,0,0,18,0,36,7,10,0,0,0,64,7,71
19,NAGALAND,0,0,28,0,46,3,5,0,0,0,79,3,82
20,ODISHA,1,0,406,11,548,27,167,0,6,0,1128,38,1166
21,PUNJAB,1,1,868,76,1611,175,745,115,63,6,3288,373,3661
22,RAJASTHAN,6,0,1309,47,1718,111,923,57,167,21,4123,236,4359
23,SIKKIM,0,0,3,1,6,0,1,0,0,0,10,1,11
24,TAMIL NADU,8,0,501,29,1087,82,687,26,60,8,2343,145,2488
25,TRIPURA,0,0,52,0,47,0,48,0,0,0,147,0,147
26,UTTAR PRADESH,0,0,4990,6,7125,28,5050,38,368,0,17533,72,17605
27,UTTARAKHAND,2,0,116,0,296,12,128,2,0,0,542,14,556
28,WEST BENGAL,0,0,908,30,999,95,549,22,15,0,2471,147,2618
,TOTAL (STATES),113,8,19964,759,26422,1574,14847,683,1545,141,62891,3165,66056
29,A&N ISLANDS,0,0,3,0,3,0,0,0,0,0,6,0,6
30,CHANDIGARH,2,0,48,0,76,6,11,0,4,1,141,7,148
31,D&N HAVELI,0,0,4,3,8,0,0,0,0,0,12,3,15
32,DAMAN & DIU,0,0,3,0,2,0,0,0,0,0,5,0,5
33,DELHI,4,0,819,33,546,29,107,3,10,3,1486,68,1554
34,LAKSHADWEEP,0,0,0,0,0,0,0,0,0,0,0,0,0
35,PUDUCHERRY,0,0,18,0,18,4,6,1,4,1,46,6,52
,TOTAL (UTS),6,0,895,36,653,39,124,4,18,5,1696,84,1780
,TOTAL (ALL-INDIA),119,8,20859,795,27075,1613,14971,687,1563,146,64587,3249,67836
     ,,,,,,,,,,,,,,
,,,,,,,,,,,,,,
STATEMENT OF PERSONS ARRESTED BY SEX AND AGE-GROUP UNDER COUNTERFEITING (SECTION 231-254 AND 489A TO 489D IPC) DURING 2009,,,,,,,,,,,,,,
SL,STATE/UT,Below 18 Years,,Between 18-30 Years,,Between 30-45 Years,,Between 45-60 Years,,Above 60 Years,,Total ,,Grand Total
,,Male,Female,Male,Female,Male,Female,Male,Female,Male,Female,Male,Female,
,,B18M,B18F,B30M,B30F,B45M,B45F,B60M,B60F,A60M,A60F,TOTM,TOTF,GTOT
1,ANDHRA PRADESH,1,0,129,6,111,6,30,6,0,0,271,18,289
2,ARUNACHAL PRADESH,0,0,0,0,4,0,0,0,0,0,4,0,4
3,ASSAM,0,0,55,0,60,0,19,0,0,0,134,0,134
4,BIHAR,0,0,51,0,67,0,9,0,0,0,127,0,127
5,CHHATTISGARH,0,0,20,0,21,0,3,0,1,0,45,0,45
6,GOA,0,0,4,0,3,0,0,0,0,0,7,0,7
7,GUJARAT,2,1,41,4,49,1,12,0,0,0,104,6,110
8,HARYANA,0,0,20,0,22,1,6,0,1,0,49,1,50
9,HIMACHAL PRADESH,0,0,2,0,1,0,0,1,0,0,3,1,4
10,JAMMU & KASHMIR,0,0,12,0,35,0,5,0,0,0,52,0,52
11,JHARKHAND,0,0,13,0,17,0,5,0,0,0,35,0,35
12,KARNATAKA,0,1,42,3,53,1,16,1,1,0,112,6,118
13,KERALA,1,0,28,0,36,0,37,0,0,0,102,0,102
14,MADHYA PRADESH,1,0,41,0,23,0,1,0,0,0,66,0,66
15,MAHARASHTRA,0,0,134,2,138,7,18,0,1,0,291,9,300
16,MANIPUR,0,0,0,0,1,0,0,0,0,0,1,0,1
17,MEGHALAYA,0,0,5,0,1,0,1,0,0,0,7,0,7
18,MIZORAM,0,0,2,0,11,2,5,0,0,0,18,2,20
19,NAGALAND,0,0,0,1,1,1,1,0,0,0,2,2,4
20,ODISHA,2,0,7,0,37,0,3,0,0,0,49,0,49
21,PUNJAB,0,0,56,1,63,3,29,0,0,0,148,4,152
22,RAJASTHAN,0,0,31,0,42,1,3,0,0,0,76,1,77
23,SIKKIM,0,0,0,0,4,0,0,0,0,0,4,0,4
24,TAMIL NADU,0,0,36,1,75,2,17,0,0,0,128,3,131
25,TRIPURA,0,0,14,0,11,0,4,0,0,0,29,0,29
26,UTTAR PRADESH,0,0,351,0,404,0,31,0,0,0,786,0,786
27,UTTARAKHAND,0,0,4,0,20,0,13,1,5,0,42,1,43
28,WEST BENGAL,0,0,87,1,66,1,45,0,0,0,198,2,200
,TOTAL (STATES),7,2,1185,19,1376,26,313,9,9,0,2890,56,2946
29,A&N ISLANDS,0,0,0,0,0,0,0,0,0,0,0,0,0
30,CHANDIGARH,2,0,2,0,2,0,0,0,0,0,6,0,6
31,D&N HAVELI,0,0,0,0,0,0,0,0,0,0,0,0,0
32,DAMAN & DIU,0,0,0,0,0,0,0,0,0,0,0,0,0
33,DELHI,1,0,37,1,13,2,0,0,0,0,51,3,54
34,LAKSHADWEEP,0,0,0,0,0,0,0,0,0,0,0,0,0
35,PUDUCHERRY,0,0,0,0,1,0,0,0,0,0,1,0,1
,TOTAL (UTS),3,0,39,1,16,2,0,0,0,0,58,3,61
,TOTAL (ALL-INDIA),10,2,1224,20,1392,28,313,9,9,0,2948,59,3007
     ,,,,,,,,,,,,,,
,,,,,,,,,,,,,,
"STATEMENT OF PERSONS ARRESTED BY SEX AND AGE-GROUP UNDER ARSON (SECTION 435, 436, 438 IPC) DURING 2009",,,,,,,,,,,,,,
SL,STATE/UT,Below 18 Years,,Between 18-30 Years,,Between 30-45 Years,,Between 45-60 Years,,Above 60 Years,,Total ,,Grand Total
,,Male,Female,Male,Female,Male,Female,Male,Female,Male,Female,Male,Female,
,,B18M,B18F,B30M,B30F,B45M,B45F,B60M,B60F,A60M,A60F,TOTM,TOTF,GTOT
1,ANDHRA PRADESH,1,0,484,11,537,12,168,8,9,0,1199,31,1230
2,ARUNACHAL PRADESH,0,0,13,0,12,0,0,0,0,0,25,0,25
3,ASSAM,1,0,401,0,400,2,70,2,1,0,873,4,877
4,BIHAR,11,2,556,24,364,28,130,3,2,0,1063,57,1120
5,CHHATTISGARH,23,0,123,0,147,1,27,2,1,0,321,3,324
6,GOA,0,0,8,0,14,4,4,1,3,0,29,5,34
7,GUJARAT,1,1,173,6,203,6,61,2,3,1,441,16,457
8,HARYANA,0,0,73,1,78,0,19,0,4,0,174,1,175
9,HIMACHAL PRADESH,1,0,23,0,32,3,14,5,6,0,76,8,84
10,JAMMU & KASHMIR,0,0,40,1,45,0,32,0,5,0,122,1,123
11,JHARKHAND,6,0,142,6,70,1,15,0,0,0,233,7,240
12,KARNATAKA,0,0,125,11,153,37,43,5,1,0,322,53,375
13,KERALA,3,0,198,4,229,4,41,1,5,0,476,9,485
14,MADHYA PRADESH,7,0,575,3,473,8,139,1,27,0,1221,12,1233
15,MAHARASHTRA,23,0,799,17,557,23,179,10,24,5,1582,55,1637
16,MANIPUR,0,0,8,2,4,0,0,0,0,0,12,2,14
17,MEGHALAYA,1,0,26,0,7,0,1,0,0,0,35,0,35
18,MIZORAM,0,0,11,0,16,0,2,0,0,0,29,0,29
19,NAGALAND,0,0,0,0,0,0,2,0,0,0,2,0,2
20,ODISHA,0,0,245,3,335,0,100,1,5,0,685,4,689
21,PUNJAB,0,0,38,0,71,5,34,1,0,0,143,6,149
22,RAJASTHAN,10,0,267,10,262,13,101,15,6,0,646,38,684
23,SIKKIM,0,0,4,0,0,0,0,0,0,0,4,0,4
24,TAMIL NADU,2,0,188,3,247,4,86,2,6,0,529,9,538
25,TRIPURA,1,0,37,0,25,0,4,0,0,0,67,0,67
26,UTTAR PRADESH,0,0,269,0,125,0,30,0,0,0,424,0,424
27,UTTARAKHAND,0,0,7,0,8,0,1,0,0,0,16,0,16
28,WEST BENGAL,0,0,115,1,146,2,75,3,4,0,340,6,346
,TOTAL (STATES),91,3,4948,103,4560,153,1378,62,112,6,11089,327,11416
29,A&N ISLANDS,0,0,2,0,4,0,0,1,0,0,6,1,7
30,CHANDIGARH,0,0,0,0,3,0,0,0,0,0,3,0,3
31,D&N HAVELI,0,0,0,0,1,1,0,0,0,0,1,1,2
32,DAMAN & DIU,0,0,2,0,1,0,0,0,0,0,3,0,3
33,DELHI,0,0,8,0,7,0,0,0,0,0,15,0,15
34,LAKSHADWEEP,0,0,20,0,10,0,5,0,0,0,35,0,35
35,PUDUCHERRY,0,0,4,0,1,0,0,0,0,0,5,0,5
,TOTAL (UTS),0,0,36,0,27,1,5,1,0,0,68,2,70
,TOTAL (ALL-INDIA),91,3,4984,103,4587,154,1383,63,112,6,11157,329,11486
     ,,,,,,,,,,,,,,
,,,,,,,,,,,,,,
"STATEMENT OF PERSONS ARRESTED BY SEX AND AGE-GROUP UNDER HURT (SECTION 323, 324 TO 333, 335 TO 338 IPC) DURING 2009",,,,,,,,,,,,,,
SL,STATE/UT,Below 18 Years,,Between 18-30 Years,,Between 30-45 Years,,Between 45-60 Years,,Above 60 Years,,Total ,,Grand Total
,,Male,Female,Male,Female,Male,Female,Male,Female,Male,Female,Male,Female,
,,B18M,B18F,B30M,B30F,B45M,B45F,B60M,B60F,A60M,A60F,TOTM,TOTF,GTOT
1,ANDHRA PRADESH,204,4,25408,1664,24508,1882,9552,889,840,91,60512,4530,65042
2,ARUNACHAL PRADESH,38,0,416,34,204,7,40,0,0,0,698,41,739
3,ASSAM,22,4,3943,269,4280,219,619,39,92,0,8956,531,9487
4,BIHAR,48,5,13446,689,8496,650,3209,146,219,7,25418,1497,26915
5,CHHATTISGARH,334,14,7184,455,5209,516,2088,196,238,27,15053,1208,16261
6,GOA,5,0,98,10,130,11,34,10,15,3,282,34,316
7,GUJARAT,306,38,8698,602,6768,712,2510,280,285,54,18567,1686,20253
8,HARYANA,239,16,4252,272,3555,278,1254,80,260,14,9560,660,10220
9,HIMACHAL PRADESH,16,0,603,56,680,91,366,47,43,17,1708,211,1919
10,JAMMU & KASHMIR,0,0,186,33,252,45,164,21,26,0,628,99,727
11,JHARKHAND,92,7,3013,200,2072,150,444,33,10,2,5631,392,6023
12,KARNATAKA,24,0,8888,951,11533,1216,6095,878,948,145,27488,3190,30678
13,KERALA,84,3,11222,409,10648,698,4142,185,323,18,26419,1313,27732
14,MADHYA PRADESH,919,96,34285,1991,30078,1613,12781,601,1589,78,79652,4379,84031
15,MAHARASHTRA,1174,50,25024,1683,16522,1976,6982,980,1062,140,50764,4829,55593
16,MANIPUR,0,0,86,8,50,9,27,4,15,0,178,21,199
17,MEGHALAYA,9,0,61,0,39,1,8,0,0,0,117,1,118
18,MIZORAM,0,0,61,0,60,1,29,0,0,0,150,1,151
19,NAGALAND,0,0,25,3,14,3,19,2,0,0,58,8,66
20,ODISHA,21,0,3976,282,3340,277,1944,164,301,3,9582,726,10308
21,PUNJAB,18,5,3728,200,4041,345,1618,132,234,0,9639,682,10321
22,RAJASTHAN,262,13,16028,1103,13777,1412,5464,405,515,40,36046,2973,39019
23,SIKKIM,5,0,77,2,21,9,13,0,2,0,118,11,129
24,TAMIL NADU,142,5,12240,1551,12055,1303,5680,524,464,47,30581,3430,34011
25,TRIPURA,18,6,816,47,734,41,349,17,43,1,1960,112,2072
26,UTTAR PRADESH,22,0,10629,203,8044,118,4330,33,356,0,23381,354,23735
27,UTTARAKHAND,12,0,474,18,480,26,129,17,0,0,1095,61,1156
28,WEST BENGAL,14,0,3832,460,3991,506,1839,93,130,12,9806,1071,10877
,TOTAL (STATES),4028,266,198699,13195,171581,14115,71729,5776,8010,699,454047,34051,488098
29,A&N ISLANDS,0,0,46,5,41,2,17,0,2,1,106,8,114
30,CHANDIGARH,5,0,64,0,22,1,7,0,2,0,100,1,101
31,D&N HAVELI,0,0,21,0,11,0,2,1,1,0,35,1,36
32,DAMAN & DIU,0,0,8,0,3,0,1,0,0,0,12,0,12
33,DELHI,63,1,1942,50,748,69,210,10,12,1,2975,131,3106
34,LAKSHADWEEP,0,0,28,0,36,0,9,0,0,0,73,0,73
35,PUDUCHERRY,22,1,1088,16,533,33,103,12,13,4,1759,66,1825
,TOTAL (UTS),90,2,3197,71,1394,105,349,23,30,6,5060,207,5267
,TOTAL (ALL-INDIA),4118,268,201896,13266,172975,14220,72078,5799,8040,705,459107,34258,493365
     ,,,,,,,,,,,,,,
,,,,,,,,,,,,,,
STATEMENT OF PERSONS ARRESTED BY SEX AND AGE-GROUP UNDER DOWRY DEATHS (SECTION 304B IPC) DURING 2009,,,,,,,,,,,,,,
SL,STATE/UT,Below 18 Years,,Between 18-30 Years,,Between 30-45 Years,,Between 45-60 Years,,Above 60 Years,,Total ,,Grand Total
,,Male,Female,Male,Female,Male,Female,Male,Female,Male,Female,Male,Female,
,,B18M,B18F,B30M,B30F,B45M,B45F,B60M,B60F,A60M,A60F,TOTM,TOTF,GTOT
1,ANDHRA PRADESH,1,0,431,102,290,116,144,111,17,8,883,337,1220
2,ARUNACHAL PRADESH,0,0,0,0,0,0,0,0,0,0,0,0,0
3,ASSAM,0,0,93,5,160,15,21,3,0,0,274,23,297
4,BIHAR,4,1,1270,225,848,246,190,108,14,2,2326,582,2908
5,CHHATTISGARH,0,4,113,30,79,44,43,31,7,2,242,111,353
6,GOA,0,0,2,0,0,0,1,0,0,0,3,0,3
7,GUJARAT,0,0,18,2,13,8,7,3,2,0,40,13,53
8,HARYANA,5,0,216,18,171,63,71,69,8,12,471,162,633
9,HIMACHAL PRADESH,0,0,0,1,0,1,1,0,0,0,1,2,3
10,JAMMU & KASHMIR,0,0,13,3,14,5,8,2,1,0,36,10,46
11,JHARKHAND,16,0,200,51,154,49,54,22,9,7,433,129,562
12,KARNATAKA,0,0,107,26,243,45,121,66,33,25,504,162,666
13,KERALA,0,0,11,1,14,1,1,4,0,0,26,6,32
14,MADHYA PRADESH,8,17,800,258,548,238,285,185,92,43,1733,741,2474
15,MAHARASHTRA,5,16,399,115,302,134,117,90,31,24,854,379,1233
16,MANIPUR,0,0,0,0,0,0,0,0,0,0,0,0,0
17,MEGHALAYA,0,0,0,0,0,0,0,0,0,0,0,0,0
18,MIZORAM,0,0,0,0,0,0,0,0,0,0,0,0,0
19,NAGALAND,0,0,0,0,0,0,0,0,0,0,0,0,0
20,ODISHA,0,0,278,82,236,81,134,23,15,8,663,194,857
21,PUNJAB,1,1,89,22,99,43,41,21,2,4,232,91,323
22,RAJASTHAN,4,2,198,27,124,55,66,53,17,7,409,144,553
23,SIKKIM,0,0,0,0,0,0,0,0,0,0,0,0,0
24,TAMIL NADU,0,0,142,29,93,32,63,54,10,7,308,122,430
25,TRIPURA,0,0,13,6,24,5,8,4,0,0,45,15,60
26,UTTAR PRADESH,12,15,2883,671,2482,602,1942,351,222,23,7541,1662,9203
27,UTTARAKHAND,1,0,73,7,66,21,36,11,2,1,178,40,218
28,WEST BENGAL,0,0,320,57,309,74,160,60,14,8,803,199,1002
,TOTAL (STATES),57,56,7669,1738,6269,1878,3514,1271,496,181,18005,5124,23129
29,A&N ISLANDS,0,0,0,0,0,0,0,0,0,0,0,0,0
30,CHANDIGARH,0,0,0,0,1,0,1,1,0,0,2,1,3
31,D&N HAVELI,0,0,0,0,0,0,0,0,0,0,0,0,0
32,DAMAN & DIU,0,0,0,0,0,0,0,0,0,0,0,0,0
33,DELHI,0,0,103,13,56,18,23,23,3,3,185,57,242
34,LAKSHADWEEP,0,0,0,0,0,0,0,0,0,0,0,0,0
35,PUDUCHERRY,0,0,0,0,0,0,0,0,0,0,0,0,0
,TOTAL (UTS),0,0,103,13,57,18,24,24,3,3,187,58,245
,TOTAL (ALL-INDIA),57,56,7772,1751,6326,1896,3538,1295,499,184,18192,5182,23374
     ,,,,,,,,,,,,,,
,,,,,,,,,,,,,,
STATEMENT OF PERSONS ARRESTED BY SEX AND AGE-GROUP UNDER MOLESTATION (SECTION 354 IPC) DURING 2009,,,,,,,,,,,,,,
SL,STATE/UT,Below 18 Years,,Between 18-30 Years,,Between 30-45 Years,,Between 45-60 Years,,Above 60 Years,,Total ,,Grand Total
,,Male,Female,Male,Female,Male,Female,Male,Female,Male,Female,Male,Female,
,,B18M,B18F,B30M,B30F,B45M,B45F,B60M,B60F,A60M,A60F,TOTM,TOTF,GTOT
1,ANDHRA PRADESH,40,0,2781,58,1850,49,611,20,28,4,5310,131,5441
2,ARUNACHAL PRADESH,0,0,68,0,2,0,0,0,0,0,70,0,70
3,ASSAM,2,0,790,2,753,1,62,0,4,0,1611,3,1614
4,BIHAR,11,0,518,20,213,10,23,0,0,0,765,30,795
5,CHHATTISGARH,68,0,1110,3,495,4,123,1,13,0,1809,8,1817
6,GOA,1,0,15,0,12,1,5,0,1,0,34,1,35
7,GUJARAT,14,2,581,5,325,10,71,12,5,0,996,29,1025
8,HARYANA,9,0,348,3,157,1,31,1,3,0,548,5,553
9,HIMACHAL PRADESH,4,1,120,2,142,4,60,4,7,1,333,12,345
10,JAMMU & KASHMIR,1,0,634,73,739,62,378,34,121,2,1873,171,2044
11,JHARKHAND,12,0,209,4,78,2,22,0,0,0,321,6,327
12,KARNATAKA,1,5,975,67,1290,126,530,60,87,18,2883,276,3159
13,KERALA,7,0,1576,14,1213,28,361,10,28,1,3185,53,3238
14,MADHYA PRADESH,169,0,4736,15,1970,16,642,2,17,0,7534,33,7567
15,MAHARASHTRA,97,3,2000,45,1267,42,405,27,48,4,3817,121,3938
16,MANIPUR,0,0,18,0,11,1,9,0,1,0,39,1,40
17,MEGHALAYA,0,0,32,0,10,0,0,0,0,0,42,0,42
18,MIZORAM,0,0,28,0,38,0,12,0,0,0,78,0,78
19,NAGALAND,0,0,9,0,2,0,2,0,0,0,13,0,13
20,ODISHA,5,0,1675,86,1267,69,415,21,49,2,3411,178,3589
21,PUNJAB,3,0,223,8,90,15,14,1,1,0,331,24,355
22,RAJASTHAN,51,0,1561,20,825,30,186,8,10,1,2633,59,2692
23,SIKKIM,0,0,27,0,9,0,0,0,0,0,36,0,36
24,TAMIL NADU,2,0,927,27,712,57,177,11,2,1,1820,96,1916
25,TRIPURA,0,0,263,11,126,10,21,3,0,0,410,24,434
26,UTTAR PRADESH,7,0,2853,0,1095,0,71,0,0,0,4026,0,4026
27,UTTARAKHAND,2,0,117,0,51,0,8,0,0,0,178,0,178
28,WEST BENGAL,3,0,825,0,621,0,179,1,11,0,1639,1,1640
,TOTAL (STATES),509,11,25019,463,15363,538,4418,216,436,34,45745,1262,47007
29,A&N ISLANDS,1,0,15,0,18,2,3,0,1,0,38,2,40
30,CHANDIGARH,0,0,26,1,12,0,0,0,0,0,38,1,39
31,D&N HAVELI,0,0,2,0,0,0,0,0,0,0,2,0,2
32,DAMAN & DIU,1,0,2,0,2,0,0,0,0,0,5,0,5
33,DELHI,7,0,495,8,176,2,17,4,1,0,696,14,710
34,LAKSHADWEEP,0,0,0,0,0,0,0,0,0,0,0,0,0
35,PUDUCHERRY,1,0,40,1,6,0,5,0,0,0,52,1,53
,TOTAL (UTS),10,0,580,10,214,4,25,4,2,0,831,18,849
,TOTAL (ALL-INDIA),519,11,25599,473,15577,542,4443,220,438,34,46576,1280,47856
     ,,,,,,,,,,,,,,
,,,,,,,,,,,,,,
STATEMENT OF PERSONS ARRESTED BY SEX AND AGE-GROUP UNDER SEXUAL HARASSMENT (EVE-TEASING) (SECTION 509 IPC) DURING 2009,,,,,,,,,,,,,,
SL,STATE/UT,Below 18 Years,,Between 18-30 Years,,Between 30-45 Years,,Between 45-60 Years,,Above 60 Years,,Total ,,Grand Total
,,Male,Female,Male,Female,Male,Female,Male,Female,Male,Female,Male,Female,
,,B18M,B18F,B30M,B30F,B45M,B45F,B60M,B60F,A60M,A60F,TOTM,TOTF,GTOT
1,ANDHRA PRADESH,82,0,2391,19,1290,20,370,2,3,1,4136,42,4178
2,ARUNACHAL PRADESH,0,0,2,0,0,0,0,0,0,0,2,0,2
3,ASSAM,0,0,7,0,8,0,0,0,0,0,15,0,15
4,BIHAR,0,0,8,4,2,2,0,0,0,0,10,6,16
5,CHHATTISGARH,23,3,134,19,46,0,9,1,0,0,212,23,235
6,GOA,0,0,7,0,3,0,0,0,0,0,10,0,10
7,GUJARAT,1,0,117,0,51,7,10,2,0,0,179,9,188
8,HARYANA,4,0,489,2,180,1,41,0,0,0,714,3,717
9,HIMACHAL PRADESH,0,0,15,1,15,1,6,0,2,0,38,2,40
10,JAMMU & KASHMIR,0,0,275,2,182,0,53,0,0,0,510,2,512
11,JHARKHAND,0,0,19,0,14,0,5,0,0,0,38,0,38
12,KARNATAKA,1,0,22,0,17,0,0,0,0,0,40,0,40
13,KERALA,3,0,266,0,151,0,35,0,1,0,456,0,456
14,MADHYA PRADESH,30,0,713,2,256,0,45,0,1,0,1045,2,1047
15,MAHARASHTRA,32,1,714,12,450,10,104,4,9,1,1309,28,1337
16,MANIPUR,0,0,1,0,0,0,0,0,0,0,1,0,1
17,MEGHALAYA,0,0,1,0,0,0,0,0,0,0,1,0,1
18,MIZORAM,0,0,0,0,1,0,0,0,0,0,1,0,1
19,NAGALAND,0,0,0,0,0,0,0,0,0,0,0,0,0
20,ODISHA,2,0,196,2,80,4,11,1,1,0,290,7,297
21,PUNJAB,0,0,35,0,10,0,4,0,0,1,49,1,50
22,RAJASTHAN,3,0,16,0,5,0,0,0,0,0,24,0,24
23,SIKKIM,0,0,0,0,0,0,0,0,0,0,0,0,0
24,TAMIL NADU,5,0,310,3,202,1,44,0,3,0,564,4,568
25,TRIPURA,0,0,8,0,2,0,0,0,0,0,10,0,10
26,UTTAR PRADESH,7,0,2922,0,908,0,41,0,0,0,3878,0,3878
27,UTTARAKHAND,0,0,282,26,110,1,0,0,0,0,392,27,419
28,WEST BENGAL,0,0,78,0,33,0,9,0,0,0,120,0,120
,TOTAL (STATES),193,4,9028,92,4016,47,787,10,20,3,14044,156,14200
29,A&N ISLANDS,1,0,4,0,2,0,1,0,0,0,8,0,8
30,CHANDIGARH,0,0,6,0,0,0,0,0,0,0,6,0,6
31,D&N HAVELI,0,0,0,0,0,0,0,0,0,0,0,0,0
32,DAMAN & DIU,0,0,0,0,1,0,0,0,0,0,1,0,1
33,DELHI,0,0,92,1,31,2,5,0,1,0,129,3,132
34,LAKSHADWEEP,0,0,0,0,0,0,0,0,0,0,0,0,0
35,PUDUCHERRY,0,0,11,0,7,0,3,0,0,0,21,0,21
,TOTAL (UTS),1,0,113,1,41,2,9,0,1,0,165,3,168
,TOTAL (ALL-INDIA),194,4,9141,93,4057,49,796,10,21,3,14209,159,14368
     ,,,,,,,,,,,,,,
,,,,,,,,,,,,,,
STATEMENT OF PERSONS ARRESTED BY SEX AND AGE-GROUP UNDER CRUELTY BY HUSBAND AND RELATIVES (SECTION 498A IPC) DURING 2009,,,,,,,,,,,,,,
SL,STATE/UT,Below 18 Years,,Between 18-30 Years,,Between 30-45 Years,,Between 45-60 Years,,Above 60 Years,,Total ,,Grand Total
,,Male,Female,Male,Female,Male,Female,Male,Female,Male,Female,Male,Female,
,,B18M,B18F,B30M,B30F,B45M,B45F,B60M,B60F,A60M,A60F,TOTM,TOTF,GTOT
1,ANDHRA PRADESH,3,2,6609,1256,5500,1511,2729,943,253,212,15094,3924,19018
2,ARUNACHAL PRADESH,0,0,2,0,10,0,0,0,0,0,12,0,12
3,ASSAM,0,0,2609,34,2499,62,509,18,19,3,5636,117,5753
4,BIHAR,9,5,1917,275,1458,312,575,351,34,3,3993,946,4939
5,CHHATTISGARH,3,2,735,224,629,211,349,172,101,36,1817,645,2462
6,GOA,0,0,11,1,16,4,3,7,3,1,33,13,46
7,GUJARAT,33,37,4787,1579,4572,1987,2473,1319,496,312,12361,5234,17595
8,HARYANA,7,1,1052,211,1031,405,465,284,141,64,2696,965,3661
9,HIMACHAL PRADESH,0,0,109,30,183,69,132,69,39,17,463,185,648
10,JAMMU & KASHMIR,0,0,170,34,127,27,81,17,10,3,388,81,469
11,JHARKHAND,1,5,584,155,446,147,157,53,12,0,1200,360,1560
12,KARNATAKA,0,0,966,251,2037,537,1052,426,346,169,4401,1383,5784
13,KERALA,1,0,1100,306,2349,533,875,461,122,81,4447,1381,5828
14,MADHYA PRADESH,23,56,4183,929,2336,1117,1208,801,307,222,8057,3125,11182
15,MAHARASHTRA,59,59,8144,2865,7105,3102,3840,2653,958,708,20106,9387,29493
16,MANIPUR,0,0,4,2,5,5,5,2,2,0,16,9,25
17,MEGHALAYA,0,0,5,0,0,0,1,0,0,0,6,0,6
18,MIZORAM,0,0,0,0,4,0,0,0,0,0,4,0,4
19,NAGALAND,0,0,0,0,0,0,0,0,0,0,0,0,0
20,ODISHA,1,0,936,244,836,256,448,135,46,13,2267,648,2915
21,PUNJAB,0,0,595,154,557,232,185,128,12,8,1349,522,1871
22,RAJASTHAN,10,1,3294,355,2404,690,1512,711,266,83,7486,1840,9326
23,SIKKIM,0,1,4,0,6,0,0,1,0,0,10,2,12
24,TAMIL NADU,0,0,846,190,690,277,374,239,50,31,1960,737,2697
25,TRIPURA,0,7,470,131,643,165,281,32,27,4,1421,339,1760
26,UTTAR PRADESH,4,9,9814,2841,8377,2303,5881,1241,1110,227,25186,6621,31807
27,UTTARAKHAND,0,0,426,64,320,35,29,16,0,0,775,115,890
28,WEST BENGAL,2,0,3565,835,4903,1100,2566,611,217,85,11253,2631,13884
,TOTAL (STATES),156,185,52937,12966,49043,15087,25730,10690,4571,2282,132437,41210,173647
29,A&N ISLANDS,0,0,14,3,6,1,6,2,1,2,27,8,35
30,CHANDIGARH,0,0,10,0,3,1,6,6,1,1,20,8,28
31,D&N HAVELI,0,0,0,0,0,0,0,0,0,0,0,0,0
32,DAMAN & DIU,0,0,1,0,1,0,1,0,1,0,4,0,4
33,DELHI,0,0,308,26,162,47,53,45,12,5,535,123,658
34,LAKSHADWEEP,0,0,2,0,0,0,0,0,0,0,2,0,2
35,PUDUCHERRY,0,0,6,1,8,1,4,0,1,0,19,2,21
,TOTAL (UTS),0,0,341,30,180,50,70,53,16,8,607,141,748
,TOTAL (ALL-INDIA),156,185,53278,12996,49223,15137,25800,10743,4587,2290,133044,41351,174395
     ,,,,,,,,,,,,,,
,,,,,,,,,,,,,,
STATEMENT OF PERSONS ARRESTED BY SEX AND AGE-GROUP UNDER IMPORTATION OF GIRLS (SECTION 366B IPC) DURING 2009,,,,,,,,,,,,,,
SL,STATE/UT,Below 18 Years,,Between 18-30 Years,,Between 30-45 Years,,Between 45-60 Years,,Above 60 Years,,Total ,,Grand Total
,,Male,Female,Male,Female,Male,Female,Male,Female,Male,Female,Male,Female,
,,B18M,B18F,B30M,B30F,B45M,B45F,B60M,B60F,A60M,A60F,TOTM,TOTF,GTOT
1,ANDHRA PRADESH,0,0,0,0,0,0,0,0,0,0,0,0,0
2,ARUNACHAL PRADESH,0,0,0,0,0,0,0,0,0,0,0,0,0
3,ASSAM,0,0,0,0,1,0,0,0,0,0,1,0,1
4,BIHAR,0,0,2,0,14,1,0,0,0,0,16,1,17
5,CHHATTISGARH,0,0,0,0,0,0,0,0,0,0,0,0,0
6,GOA,0,0,0,0,0,0,0,0,0,0,0,0,0
7,GUJARAT,0,0,0,0,0,0,0,0,0,0,0,0,0
8,HARYANA,0,0,0,0,0,0,0,0,0,0,0,0,0
9,HIMACHAL PRADESH,0,0,0,0,0,0,0,0,0,0,0,0,0
10,JAMMU & KASHMIR,0,0,0,0,0,0,0,0,0,0,0,0,0
11,JHARKHAND,0,0,7,3,5,3,0,2,0,0,12,8,20
12,KARNATAKA,0,0,0,0,0,0,0,0,0,0,0,0,0
13,KERALA,0,0,0,0,0,0,0,0,0,0,0,0,0
14,MADHYA PRADESH,0,0,2,0,0,0,0,0,0,0,2,0,2
15,MAHARASHTRA,0,0,0,0,0,0,0,0,0,0,0,0,0
16,MANIPUR,0,0,0,0,0,0,0,0,0,0,0,0,0
17,MEGHALAYA,0,0,2,0,0,0,0,0,0,0,2,0,2
18,MIZORAM,0,0,0,0,0,0,0,0,0,0,0,0,0
19,NAGALAND,0,0,0,0,0,0,0,0,0,0,0,0,0
20,ODISHA,0,0,0,0,0,0,0,0,0,0,0,0,0
21,PUNJAB,0,0,0,0,0,0,0,0,0,0,0,0,0
22,RAJASTHAN,0,0,0,0,0,0,0,0,0,0,0,0,0
23,SIKKIM,0,0,0,0,0,0,0,0,0,0,0,0,0
24,TAMIL NADU,0,0,0,0,0,0,0,0,0,0,0,0,0
25,TRIPURA,0,0,0,0,0,0,0,0,0,0,0,0,0
26,UTTAR PRADESH,0,0,0,0,0,0,0,0,0,0,0,0,0
27,UTTARAKHAND,0,0,0,0,0,0,0,0,0,0,0,0,0
28,WEST BENGAL,0,0,2,1,2,1,1,0,0,0,5,2,7
,TOTAL (STATES),0,0,15,4,22,5,1,2,0,0,38,11,49
29,A&N ISLANDS,0,0,0,0,0,0,0,0,0,0,0,0,0
30,CHANDIGARH,0,0,0,0,0,0,0,0,0,0,0,0,0
31,D&N HAVELI,0,0,0,0,0,0,0,0,0,0,0,0,0
32,DAMAN & DIU,0,0,0,0,0,0,0,0,0,0,0,0,0
33,DELHI,0,0,0,0,0,0,0,0,0,0,0,0,0
34,LAKSHADWEEP,0,0,0,0,0,0,0,0,0,0,0,0,0
35,PUDUCHERRY,0,0,0,0,0,0,0,0,0,0,0,0,0
,TOTAL (UTS),0,0,0,0,0,0,0,0,0,0,0,0,0
,TOTAL (ALL-INDIA),0,0,15,4,22,5,1,2,0,0,38,11,49
     ,,,,,,,,,,,,,,
,,,,,,,,,,,,,,
STATEMENT OF PERSONS ARRESTED BY SEX AND AGE-GROUP UNDER CAUSING DEATH BY NEGLIGENCE (SECTION 304-A IPC) DURING 2009,,,,,,,,,,,,,,
SL,STATE/UT,Below 18 Years,,Between 18-30 Years,,Between 30-45 Years,,Between 45-60 Years,,Above 60 Years,,Total ,,Grand Total
,,Male,Female,Male,Female,Male,Female,Male,Female,Male,Female,Male,Female,
,,B18M,B18F,B30M,B30F,B45M,B45F,B60M,B60F,A60M,A60F,TOTM,TOTF,GTOT
1,ANDHRA PRADESH,15,0,4886,2,4535,2,1767,2,92,0,11295,6,11301
2,ARUNACHAL PRADESH,0,0,55,0,16,0,0,0,0,0,71,0,71
3,ASSAM,0,0,1207,4,1232,1,184,1,9,1,2632,7,2639
4,BIHAR,3,0,1695,23,1207,30,461,7,29,0,3395,60,3455
5,CHHATTISGARH,8,0,836,0,804,2,285,0,35,0,1968,2,1970
6,GOA,0,0,100,0,64,0,17,0,4,0,185,0,185
7,GUJARAT,6,5,1602,2,1668,9,532,5,24,1,3832,22,3854
8,HARYANA,7,0,409,2,497,2,176,0,32,0,1121,4,1125
9,HIMACHAL PRADESH,1,0,160,0,149,0,65,0,8,0,383,0,383
10,JAMMU & KASHMIR,0,0,113,0,143,0,78,0,3,0,337,0,337
11,JHARKHAND,0,0,434,0,387,0,132,0,3,0,956,0,956
12,KARNATAKA,0,0,111,0,217,3,106,2,11,2,445,7,452
13,KERALA,0,0,9,1,28,5,7,1,0,0,44,7,51
14,MADHYA PRADESH,24,2,2722,7,1976,4,853,2,111,1,5686,16,5702
15,MAHARASHTRA,40,1,4266,18,3394,18,1338,6,81,0,9119,43,9162
16,MANIPUR,0,0,0,0,0,0,0,0,0,0,0,0,0
17,MEGHALAYA,0,0,19,0,33,0,7,0,0,0,59,0,59
18,MIZORAM,0,0,7,0,21,0,8,0,0,0,36,0,36
19,NAGALAND,0,0,9,0,4,0,2,0,0,0,15,0,15
20,ODISHA,1,0,1494,0,1276,0,520,0,111,0,3402,0,3402
21,PUNJAB,6,0,959,5,1282,3,544,0,37,0,2828,8,2836
22,RAJASTHAN,10,0,2984,2,2838,3,883,4,25,0,6740,9,6749
23,SIKKIM,0,0,41,0,14,0,0,0,0,0,55,0,55
24,TAMIL NADU,38,0,4895,33,4596,5,1817,6,151,3,11497,47,11544
25,TRIPURA,0,0,119,0,69,0,37,0,0,0,225,0,225
26,UTTAR PRADESH,0,0,4444,0,4534,0,2656,0,3,0,11637,0,11637
27,UTTARAKHAND,0,0,309,0,230,0,33,0,0,0,572,0,572
28,WEST BENGAL,0,0,838,0,1147,2,458,1,10,0,2453,3,2456
,TOTAL (STATES),159,8,34723,99,32361,89,12966,37,779,8,80988,241,81229
29,A&N ISLANDS,0,0,1,0,0,0,0,0,0,0,1,0,1
30,CHANDIGARH,0,0,3,0,5,0,0,0,0,0,8,0,8
31,D&N HAVELI,0,0,2,0,6,0,5,0,0,0,13,0,13
32,DAMAN & DIU,0,0,11,0,13,0,4,0,0,0,28,0,28
33,DELHI,7,1,351,9,272,8,60,0,0,0,690,18,708
34,LAKSHADWEEP,0,0,0,0,0,0,0,0,0,0,0,0,0
35,PUDUCHERRY,0,0,104,0,107,0,30,0,2,0,243,0,243
,TOTAL (UTS),7,1,472,9,403,8,99,0,2,0,983,18,1001
,TOTAL (ALL-INDIA),166,9,35195,108,32764,97,13065,37,781,8,81971,259,82230
     ,,,,,,,,,,,,,,
,,,,,,,,,,,,,,
STATEMENT OF PERSONS ARRESTED BY SEX AND AGE-GROUP UNDER OTHER IPC CRIMES DURING 2009,,,,,,,,,,,,,,
SL,STATE/UT,Below 18 Years,,Between 18-30 Years,,Between 30-45 Years,,Between 45-60 Years,,Above 60 Years,,Total ,,Grand Total
,,Male,Female,Male,Female,Male,Female,Male,Female,Male,Female,Male,Female,
,,B18M,B18F,B30M,B30F,B45M,B45F,B60M,B60F,A60M,A60F,TOTM,TOTF,GTOT
1,ANDHRA PRADESH,168,6,25763,1876,25744,1670,11098,822,1270,122,64043,4496,68539
2,ARUNACHAL PRADESH,56,1,465,15,281,1,12,0,0,0,814,17,831
3,ASSAM,31,2,6656,434,6846,577,1825,158,170,6,15528,1177,16705
4,BIHAR,194,54,41781,1792,25553,1566,14165,728,1903,43,83596,4183,87779
5,CHHATTISGARH,1129,74,9081,360,10108,450,3085,181,351,30,23754,1095,24849
6,GOA,12,0,442,15,337,30,96,14,38,4,925,63,988
7,GUJARAT,387,52,30752,2596,25155,1666,11733,683,1024,112,69051,5109,74160
8,HARYANA,279,13,10678,140,9811,203,3880,79,600,13,25248,448,25696
9,HIMACHAL PRADESH,41,2,3698,317,3885,448,1365,265,234,48,9223,1080,10303
10,JAMMU & KASHMIR,2,2,4553,337,5756,492,3839,300,826,109,14976,1240,16216
11,JHARKHAND,148,5,12052,479,6029,407,1823,106,163,16,20215,1013,21228
12,KARNATAKA,47,0,17055,480,22069,941,12602,628,2089,214,53862,2263,56125
13,KERALA,74,1,27674,353,28097,441,13492,191,1357,23,70694,1009,71703
14,MADHYA PRADESH,1990,260,65988,2376,56378,2242,22726,916,3524,257,150606,6051,156657
15,MAHARASHTRA,509,53,22572,1503,19303,1792,8067,1053,1189,197,51640,4598,56238
16,MANIPUR,0,0,222,10,132,12,37,18,9,3,400,43,443
17,MEGHALAYA,10,0,192,13,147,12,26,2,3,0,378,27,405
18,MIZORAM,0,0,163,4,158,2,33,0,0,0,354,6,360
19,NAGALAND,0,0,248,10,62,0,18,0,2,0,330,10,340
20,ODISHA,120,0,12123,796,10536,805,5028,285,324,54,28131,1940,30071
21,PUNJAB,60,5,5235,231,5008,398,2278,120,125,5,12706,759,13465
22,RAJASTHAN,757,33,40625,2616,32388,2745,15350,1171,1512,98,90632,6663,97295
23,SIKKIM,3,0,162,8,55,6,18,0,1,0,239,14,253
24,TAMIL NADU,310,60,43774,3649,36697,3954,16961,1441,1839,163,99581,9267,108848
25,TRIPURA,3,2,1113,83,514,132,228,44,43,0,1901,261,2162
26,UTTAR PRADESH,70,2,34304,345,27169,244,16267,81,1948,0,79758,672,80430
27,UTTARAKHAND,43,3,1325,37,1219,50,451,11,4,0,3042,101,3143
28,WEST BENGAL,23,8,15957,955,13333,1082,5995,448,386,53,35694,2546,38240
,TOTAL (STATES),6466,638,434653,21830,372770,22368,172498,9745,20934,1570,1007321,56151,1063472
29,A&N ISLANDS,7,6,186,38,127,12,29,2,9,1,358,59,417
30,CHANDIGARH,36,0,512,10,262,16,41,0,2,1,853,27,880
31,D&N HAVELI,4,0,68,2,65,4,7,0,3,0,147,6,153
32,DAMAN & DIU,0,0,44,0,37,3,12,1,0,0,93,4,97
33,DELHI,71,2,8110,163,4386,200,1797,66,50,3,14414,434,14848
34,LAKSHADWEEP,0,0,12,0,5,0,0,0,0,0,17,0,17
35,PUDUCHERRY,12,3,1195,70,856,29,210,15,25,3,2298,120,2418
,TOTAL (UTS),130,11,10127,283,5738,264,2096,84,89,8,18180,650,18830
,TOTAL (ALL-INDIA),6596,649,444780,22113,378508,22632,174594,9829,21023,1578,1025501,56801,1082302
     ,,,,,,,,,,,,,,
,,,,,,,,,,,,,,
STATEMENT OF PERSONS ARRESTED BY SEX AND AGE-GROUP UNDER TOTAL COGNIZABLE IPC CRIMES DURING 2009,,,,,,,,,,,,,,
SL,STATE/UT,Below 18 Years,,Between 18-30 Years,,Between 30-45 Years,,Between 45-60 Years,,Above 60 Years,,Total ,,Grand Total
,,Male,Female,Male,Female,Male,Female,Male,Female,Male,Female,Male,Female,
,,B18M,B18F,B30M,B30F,B45M,B45F,B60M,B60F,A60M,A60F,TOTM,TOTF,GTOT
1,ANDHRA PRADESH,1510,30,97579,6126,83213,6405,33430,3172,2985,470,218717,16203,234920
2,ARUNACHAL PRADESH,138,1,1714,51,829,10,74,0,0,0,2755,62,2817
3,ASSAM,523,32,31426,1378,29823,1210,6334,360,531,10,68637,2990,71627
4,BIHAR,900,80,102974,3792,62737,3545,26860,1504,2544,69,196015,8990,205005
5,CHHATTISGARH,2737,123,28564,1337,23371,1488,7672,661,1014,103,63358,3712,67070
6,GOA,71,5,1517,71,944,108,275,41,80,12,2887,237,3124
7,GUJARAT,1664,206,65030,5418,50783,5199,21110,2587,2154,528,140741,13938,154679
8,HARYANA,1143,47,29549,969,23763,1244,8397,595,1329,116,64181,2971,67152
9,HIMACHAL PRADESH,152,10,6814,604,6684,904,2714,542,457,118,16821,2178,18999
10,JAMMU & KASHMIR,8,2,10189,757,12541,926,6996,485,1393,122,31127,2292,33419
11,JHARKHAND,687,41,26360,1277,16693,1032,4797,295,349,27,48886,2672,51558
12,KARNATAKA,241,11,43397,2868,60090,4414,29927,3100,4981,952,138636,11345,149981
13,KERALA,667,10,63705,1551,62915,2655,26874,1108,2383,148,156544,5472,162016
14,MADHYA PRADESH,4676,498,144091,6381,113761,6008,46554,2810,6552,647,315634,16344,331978
15,MAHARASHTRA,6129,336,131643,9494,87748,11081,35161,6477,5254,1430,265935,28818,294753
16,MANIPUR,0,0,705,38,397,48,162,38,46,8,1310,132,1442
17,MEGHALAYA,85,2,819,30,599,18,113,2,9,0,1625,52,1677
18,MIZORAM,19,0,747,8,921,15,324,0,5,0,2016,23,2039
19,NAGALAND,13,1,672,26,277,12,92,5,3,2,1057,46,1103
20,ODISHA,456,8,33300,1849,28643,1942,12453,758,1105,81,75957,4638,80595
21,PUNJAB,186,14,17581,951,17653,1565,7110,614,561,27,43091,3171,46262
22,RAJASTHAN,2212,86,81369,4790,62918,5634,27326,2580,2810,272,176635,13362,189997
23,SIKKIM,57,3,552,31,175,21,47,2,5,0,836,57,893
24,TAMIL NADU,1290,140,83835,6854,71490,7027,31896,2769,3101,275,191612,17065,208677
25,TRIPURA,69,18,3902,333,2819,398,1187,117,136,5,8113,871,8984
26,UTTAR PRADESH,406,32,125844,4394,94563,3617,49681,1847,4652,250,275146,10140,285286
27,UTTARAKHAND,177,3,5295,187,4653,199,1213,84,17,1,11355,474,11829
28,WEST BENGAL,142,18,44821,3681,41574,3842,16682,1665,1008,180,104227,9386,113613
,TOTAL (STATES),26358,1757,1183994,65246,962577,70567,405461,34218,45464,5853,2623854,177641,2801495
29,A&N ISLANDS,31,6,500,49,318,18,85,7,17,4,951,84,1035
30,CHANDIGARH,133,1,1177,18,800,45,147,13,15,5,2272,82,2354
31,D&N HAVELI,26,0,369,11,221,12,46,4,4,1,666,28,694
32,DAMAN & DIU,2,0,290,0,120,3,34,1,2,0,448,4,452
33,DELHI,576,8,22247,436,9592,483,2634,166,104,17,35153,1110,36263
34,LAKSHADWEEP,0,0,114,0,100,0,16,0,0,0,230,0,230
35,PUDUCHERRY,75,4,3475,136,2034,138,516,59,57,8,6157,345,6502
,TOTAL (UTS),843,19,28172,650,13185,699,3478,250,199,35,45877,1653,47530
,TOTAL (ALL-INDIA),27201,1776,1212166,65896,975762,71266,408939,34468,45663,5888,2669731,179294,2849025
     ,,,,,,,,,,,,,,