State_Name,Assembly_No,Sequence_No,pid_CM,No_Terms_as_CM,Name,Start_Date,End_Date,Days_in_Office,Party,Appointment_Delay,Administrative_Rule,MLC,Caretaker_CM,Constituency_No,Poll_No,Position,Constituency_Name,pid_IED,No_Terms_as_MLA,Turncoat,Incumbent,Recontest
Andaman and Nicobar Islands,,,,,Bishnu Pada Roy,01/07/05,10/04/14,39730,BJP,,,,,,,,,,,,,
Chandigarh,,,,,Pawan Kumar Bansal,22/05/09,18/05/14,1822,INC,,,,,,,,,,,,,
Daman and Diu,,,,,Lalubhai Patel,31/08/09,31/04/14,#VALUE!,BJP,,,,,,,,,,,,,
Delhi,,,,,Manmohan Singh,22/05/04,25/05/14,3655,INC,,,,,,,,,,,,,
Jammu and Kashmir,,,,,Omar Abdullah,05/01/09,08/01/15,2194,JKNC,,,,,,,,,,,,,
Lakshadweep,,,,,Muhammed Hamdulla Sayeed,18/05/09,18/05/14,1826,INC,,,,,,,,,,,,,
Puducherry,,,,,V. Vaithilingam,04/09/08,16/05/11,984,INC,,,,,,,,,,,,,
Andhra_Pradesh,6,1,8,1,Dr Marri Chenna Reddy,06/03/78,10/10/80,949,INC(I),1,FALSE,FALSE,FALSE,219,0,1,MEDCHAL,AEAP23024,1,FALSE,FALSE,FALSE
Andhra_Pradesh,6,2,9,1,Sri Tanguturi Anjaiah,11/10/80,24/02/82,501,,1,FALSE,TRUE,FALSE,,,,,,,,,
Andhra_Pradesh,6,3,10,1,Sri Bhavanam Venkataram,24/02/82,20/09/82,208,,0,FALSE,TRUE,FALSE,,,,,,,,,
Andhra_Pradesh,6,4,11,1,Sri K.Vijaya Bhaskara Reddy,20/09/82,08/01/83,110,,0,FALSE,FALSE,TRUE,,,,,,,,,
Andhra_Pradesh,7,1,19,1,Sri N.T.Rama Rao,09/01/83,16/08/84,585,IND,1,FALSE,FALSE,FALSE,149,0,1,TIRUPATHI,AEAP14941,1,FALSE,FALSE,FALSE
Andhra_Pradesh,7,2,13,1,Sri N.Bhaskara rao,16/08/84,16/09/84,31,IND,0,FALSE,FALSE,FALSE,94,0,1,VEMUR,AEAP13877,1,FALSE,FALSE,FALSE
Andhra_Pradesh,7,3,19,2,Sri N.T.Rama Rao,16/09/84,07/03/85,172,IND,0,FALSE,FALSE,FALSE,149,0,1,TIRUPATHI,AEAP14941,1,FALSE,FALSE,FALSE
Andhra_Pradesh,8,1,19,3,Sri N.T.Rama Rao,08/03/85,02/12/89,1730,TDP,1,FALSE,FALSE,FALSE,289,0,1,NALGONDA,AEAP20050,1,FALSE,FALSE,FALSE
Andhra_Pradesh,9,1,8,2,Dr.Marri Chenna Reddy,03/12/89,07/12/90,369,INC,1,FALSE,FALSE,FALSE,208,0,1,SANATHNAGAR,AEAP17516,1,FALSE,FALSE,FALSE
Andhra_Pradesh,9,2,17,1,Sri N.Janardhana Reddy,17/12/90,09/10/92,662,INC,10,FALSE,FALSE,FALSE,134,0,1,VENKATAGIRI,GEAP64950,1,FALSE,FALSE,FALSE
Andhra_Pradesh,9,3,18,1,Sri K.VijayaBhaskara Reddy,10/10/92,11/12/94,792,INC,1,FALSE,FALSE,FALSE,184,1,1,Panyam,AEAP17377,1,FALSE,FALSE,FALSE
Andhra_Pradesh,10,1,19,4,Sri N.T.Rama Rao,12/12/94,31/08/95,262,TDP,1,FALSE,FALSE,FALSE,3,0,1,TEKKALI,AEAP12952,1,FALSE,FALSE,FALSE
Andhra_Pradesh,10,2,20,1,Sri N. Chandra Babu Naidu,01/09/95,09/10/99,1499,TDP,1,FALSE,FALSE,FALSE,142,0,1,KUPPAM,AEAP14475,2,TRUE,FALSE,FALSE
Andhra_Pradesh,11,1,20,2,Sri N. Chandra Babu Naidu,10/10/99,13/05/04,1677,TDP,1,FALSE,FALSE,FALSE,142,0,1,KUPPAM,AEAP11737,1,FALSE,FALSE,FALSE
Andhra_Pradesh,12,1,22,1,Dr.Y.S. Rajasekhara Reddy,14/05/04,19/05/09,1831,INC,1,FALSE,FALSE,FALSE,160,0,1,PULIVENDLA,AEAP9640,1,FALSE,FALSE,FALSE
Andhra_Pradesh,13,1,22,2,Dr.Y.S. Rajasekhara Reddy,19/05/09,02/09/09,106,INC,0,FALSE,FALSE,FALSE,248,0,1,PULIVENDLA,AEAP7966,1,FALSE,FALSE,FALSE
Andhra_Pradesh,13,2,24,1,Sri. K. Rosaiah,03/09/09,24/11/10,447,,1,FALSE,TRUE,FALSE,,,,,,,,,
Andhra_Pradesh,13,3,25,1,Sri. N.Kiran Kumar Reddy,25/11/10,28/02/14,1191,INC,1,FALSE,FALSE,FALSE,282,0,1,PILERU,AEAP8495,2,FALSE,FALSE,FALSE
Andhra_Pradesh,-1,2,,,President's Rule,01/03/14,02/06/14,93,,1,TRUE,FALSE,FALSE,,,,,,,,,
Andhra_Pradesh,14,1,27,1,Chandrababu Naidu,02/06/14,29/05/19,1822,TDP,0,FALSE,FALSE,FALSE,175,0,1,KUPPAM,AEAP4236,1,FALSE,FALSE,FALSE
Andhra_Pradesh,15,1,28,1,Y. S. Jaganmohan Reddy,30/05/19,Current,762,YSRCP,1,FALSE,FALSE,FALSE,129,0,1,PULIVENDLA,AEAP83077,1,FALSE,FALSE,FALSE
Arunachal_Pradesh,0,1,29,1,P.K. Thungon,16/08/75,20/03/78,947,,NA,FALSE,FALSE,TRUE,,,,,,,,,
Arunachal_Pradesh,1,1,29,2,P.K. Thungon,21/03/78,06/09/79,534,JNP,1,FALSE,FALSE,FALSE,3,0,1,DIRANG KALAKTANG,AEAR82169,1,FALSE,FALSE,FALSE
Arunachal_Pradesh,1,2,31,1,Late Tomo Riba,18/09/79,03/11/79,46,PPA,12,FALSE,FALSE,FALSE,17,0,1,BASAR,AEAR81689,1,FALSE,FALSE,FALSE
Arunachal_Pradesh,-1,1,,,President's Rule,03/11/79,18/01/80,76,,0,TRUE,FALSE,FALSE,,,,,,,,,
Arunachal_Pradesh,2,1,33,1,Gegong Apang,18/01/80,02/02/85,1842,INC(I),0,FALSE,FALSE,FALSE,19,0,1,YINGKIONG PANGIN,AEAR82217,2,TRUE,TRUE,TRUE
Arunachal_Pradesh,3,1,33,2,Gegong Apang,02/02/85,05/03/90,1857,INC,0,FALSE,FALSE,FALSE,19,0,1,YINGKIONG-PANGIN,AEAR82217,3,TRUE,TRUE,TRUE
Arunachal_Pradesh,4,1,33,3,Gegong Apang,06/03/90,18/03/95,1838,INC,1,FALSE,FALSE,FALSE,34,0,1,TUTING-YINGKIONG,AEAR82217,4,FALSE,TRUE,TRUE
Arunachal_Pradesh,5,1,33,4,Gegong Apang,19/03/95,18/01/99,1401,INC,1,FALSE,FALSE,FALSE,34,0,1,TUTING-YINKGKIONG,AEAR82217,5,FALSE,TRUE,TRUE
Arunachal_Pradesh,5,2,37,1,Mukut Mithi,19/01/99,09/10/99,263,INC,1,FALSE,FALSE,FALSE,43,0,1,ROING,AEAR82223,3,FALSE,TRUE,TRUE
Arunachal_Pradesh,6,1,37,2,Mukut Mithi,10/10/99,02/08/03,1392,INC,1,FALSE,FALSE,FALSE,43,0,1,ROING,AEAR82223,4,FALSE,TRUE,TRUE
Arunachal_Pradesh,6,2,33,5,Gegong Apang,03/08/03,23/10/04,447,AC,1,FALSE,FALSE,FALSE,34,0,1,TUTING-YINKGKIONG,AEAR82217,6,FALSE,TRUE,TRUE
Arunachal_Pradesh,7,1,33,6,Gegong Apang,24/10/04,09/04/07,897,INC,1,FALSE,FALSE,FALSE,34,0,1,TUTING-YINGKIONG,AEAR82217,7,TRUE,TRUE,TRUE
Arunachal_Pradesh,7,2,41,1,Dorjee Khandu,10/04/07,22/10/09,926,,1,FALSE,FALSE,FALSE,,,,,,,,,
Arunachal_Pradesh,8,1,41,2,Dorjee Khandu,23/10/09,04/05/11,558,INC,1,FALSE,FALSE,FALSE,3,0,1,MUKTO,AEAR81614,4,FALSE,FALSE,FALSE
Arunachal_Pradesh,8,2,5004,1,Jarbom Gamlin,05/05/11,31/10/11,179,INC,1,FALSE,FALSE,FALSE,27,0,1,LIROMOBA,AEAR81856,2,FALSE,TRUE,TRUE
Arunachal_Pradesh,8,3,5001,1,Nabam Tuki,01/11/11,17/05/14,928,INC,1,FALSE,FALSE,FALSE,15,0,1,SAGALEE,AEAR80972,3,FALSE,FALSE,FALSE
Arunachal_Pradesh,9,1,5001,2,Nabam Tuki,18/05/14,26/01/16,618,INC,1,FALSE,FALSE,FALSE,15,0,1,SAGALEE,AEAR80972,4,FALSE,TRUE,TRUE
Arunachal_Pradesh,-1,2,,,President's Rule,26/01/16,19/02/16,24,,0,TRUE,FALSE,FALSE,,,,,,,,,
Arunachal_Pradesh,9,2,5003,1,Kalikho Pul,19/02/16,13/07/16,145,INC,0,FALSE,FALSE,FALSE,45,0,1,HAYULIANG,AEAR81047,5,FALSE,TRUE,TRUE
Arunachal_Pradesh,9,3,5001,3,Nabam Tuki,13/07/16,17/07/16,4,INC,0,FALSE,FALSE,FALSE,15,0,1,SAGALEE,AEAR80972,4,FALSE,TRUE,TRUE
Arunachal_Pradesh,9,4,5002,1,Pema Khandu,17/07/16,26/05/19,1043,INC,0,FALSE,FALSE,FALSE,3,0,1,MUKTO,AEAR80947,2,FALSE,TRUE,TRUE
Arunachal_Pradesh,10,1,5002,2,Pema Khandu,29/05/19,Current,763,BJP,3,FALSE,FALSE,FALSE,3,0,1,MUKTO,AEAR80947,3,TRUE,TRUE,TRUE
Assam,3,1,43,1,B.P. Chaliha,03/03/62,01/03/67,1824,INC,NA,FALSE,FALSE,FALSE,90,0,1,SONARI,AEAS197674,1,FALSE,FALSE,FALSE
Assam,4,1,43,2,B.P. Chaliha,01/03/67,06/11/70,1346,INC,0,FALSE,FALSE,FALSE,110,0,1,SONARI,AEAS197241,1,FALSE,FALSE,FALSE
Assam,4,2,45,1,Mohendra Mohan Choudhury,11/11/70,30/01/72,445,INC,5,FALSE,FALSE,FALSE,58,0,1,GAUHATI EAST,AEAS196859,1,FALSE,FALSE,FALSE
Assam,5,1,46,1,Shri Sarat Chandra Sinha,31/01/72,12/03/78,2232,INC,1,FALSE,FALSE,FALSE,39,0,1,KOKRAJHAR EAST,AEAS196428,1,FALSE,FALSE,FALSE
Assam,6,1,47,1,Shri Golap Borbora,12/03/78,04/09/79,541,JNP,0,FALSE,FALSE,FALSE,122,0,1,TINSUKIA,AEAS196808,1,TRUE,FALSE,TRUE
Assam,6,2,48,1,Shri Jogendra Nath Hazarika,09/09/79,11/12/79,93,JNP,5,FALSE,FALSE,FALSE,118,0,1,DULIAJAN,AEAS194829,1,FALSE,FALSE,FALSE
Assam,-1,1,,,President's Rule,12/12/79,05/12/80,359,,1,TRUE,FALSE,FALSE,,,,,,,,,
Assam,6,3,50,1,Shrimati Anowara Taimur,06/12/80,30/06/81,206,INC(I),1,FALSE,FALSE,FALSE,68,0,1,DALGAON,AEAS195878,1,FALSE,FALSE,FALSE
Assam,-1,2,,,President's Rule,30/06/81,13/01/82,197,,0,TRUE,FALSE,FALSE,,,,,,,,,
Assam,6,4,52,1,Shri Kesab Chandra Gogoi,13/01/82,19/03/82,65,JNP,0,FALSE,FALSE,FALSE,116,0,1,DIBRUGARH,AEAS195369,1,FALSE,FALSE,FALSE
Assam,-1,3,,,President's Rule,19/03/82,27/02/83,345,,0,TRUE,FALSE,FALSE,,,,,,,,,
Assam,7,1,54,1,Shri Hiteswar Saikia,27/02/83,23/12/85,1030,INC,0,FALSE,FALSE,FALSE,104,0,1,NAZIRA,AEAS195303,3,FALSE,TRUE,TRUE
Assam,8,1,59,1,Shri Prafulla Kumar Mahanta,24/12/85,27/11/90,1799,IND,1,FALSE,FALSE,FALSE,86,0,1,NOWGONG,AEAS193203,1,FALSE,FALSE,FALSE
Assam,-1,4,,,President's Rule,28/11/90,30/06/91,214,,1,TRUE,FALSE,FALSE,,,,,,,,,
Assam,9,1,54,2,Shri Hiteswar Saikia,30/06/91,22/04/96,1758,INC,0,FALSE,FALSE,FALSE,104,0,1,NAZIRA,AEAS195303,5,FALSE,FALSE,TRUE
Assam,10,1,58,1,Dr. Bhumidhar Barman,22/04/96,14/05/96,22,INC,0,FALSE,FALSE,FALSE,60,0,2,BARKHETRY,AEAS192871,1,FALSE,TRUE,TRUE
Assam,10,2,59,2,Shri Prafulla Kumar Mahanta,15/05/96,17/05/01,1828,AGP,1,FALSE,FALSE,FALSE,87,0,1,BARHAMPUR,AEAS187558,2,FALSE,TRUE,TRUE
Assam,11,1,60,1,Shri Tarun Gogoi,17/05/01,11/05/06,1820,INC,0,FALSE,FALSE,FALSE,100,1,1,TITABAR(SC),AEAS188688,1,FALSE,FALSE,FALSE
Assam,12,1,60,2,Shri Tarun Gogoi,12/05/06,16/05/11,1830,INC,1,FALSE,FALSE,FALSE,100,0,1,TITABAR,AEAS188688,2,FALSE,TRUE,TRUE
Assam,13,1,60,3,Shri Tarun Gogoi,17/05/11,21/05/16,1831,INC,1,FALSE,FALSE,FALSE,100,0,1,TITABAR,AEAS188688,3,FALSE,TRUE,TRUE
Assam,14,1,5011,1,Shri Sarbananda Sonowal,24/05/16,09/05/21,1811,BJP,3,FALSE,FALSE,FALSE,99,0,1,MAJULI,GEAS74852,1,FALSE,FALSE,FALSE
Assam,15,1,5012,1,Shri Himanta Biswa Sarma,10/05/21,Current,51,BJP,1,FALSE,FALSE,FALSE,51,0,1,JALUKBARI,AEAS189354,5,FALSE,TRUE,TRUE
Bihar,,,,,Nitish Kumar,24/11/05,20/05/14,,JD(U),,,,,,,,,,,,,
Bihar,,,,,Jitan Ram Manjhi,20/05/14,22/02/15,,JD(U),,,,,,,,,,,,,
Bihar,,,,,Nitish Kumar,22/02/15,Current,,JD(U),,,,,,,,,,,,,
Chhattisgarh,,,,,Raman Singh,07/12/03,17/12/18,,BJP,,,,,,,,,,,,,
Chhattisgarh,,,,,Bhupesh Baghel,17/12/18,Current,,INC,,,,,,,,,,,,,
Goa,1,1,64,1,Shri Pratapsingh R. Rane,09/01/90,27/03/90,77,INC,NA,FALSE,FALSE,FALSE,18,0,1,PORIEM,,,,,
Goa,1,2,65,1,Shri Churchill Alemao,27/03/90,14/04/90,18,INC,0,FALSE,FALSE,FALSE,28,0,1,BENAULIM,,,,,
Goa,1,3,66,1,Dr. Luis Proto Barbosa,14/04/90,14/12/90,244,INC,0,FALSE,FALSE,FALSE,27,0,1,LOUTOLIM,,,,,
Goa,-1,1,,,President's Rule,14/12/90,25/01/91,42,,0,TRUE,FALSE,FALSE,,,,,,,,,
Goa,1,4,70,1,Shri Ravi S. Naik,25/01/91,18/05/93,844,MAG,0,FALSE,FALSE,FALSE,22,0,1,MARCAIM,,,,,
Goa,1,5,69,1,Dr. Wilfred de Souza,18/05/93,02/04/94,319,INC,0,FALSE,FALSE,FALSE,8,0,1,SALIGAO,,,,,
Goa,1,6,70,2,Shri Ravi S. Naik,02/04/94,08/04/94,6,INC,0,FALSE,FALSE,FALSE,22,0,2,MARCAIM,,,,,
Goa,1,7,69,2,Dr. Wilfred de Souza,08/04/94,16/12/94,252,INC,0,FALSE,FALSE,FALSE,8,0,1,SALIGAO,,,,,
Goa,2,1,64,2,Shri Pratapsingh R. Rane,16/12/94,29/07/98,1321,INC,0,FALSE,FALSE,FALSE,18,0,1,PORIEM,,,,,
Goa,2,2,69,3,Dr. Wilfred de Souza,29/07/98,23/11/98,117,INC,0,FALSE,FALSE,FALSE,8,0,1,SALIGAO,,,,,
Goa,2,3,74,1,Shri Luizinho Faleiro,26/11/98,08/02/99,74,INC,3,FALSE,FALSE,FALSE,32,0,1,NAVELIM,,,,,
Goa,-1,1,,,President's Rule,10/02/99,09/06/99,119,,2,TRUE,FALSE,FALSE,,,,,,,,,
Goa,3,1,74,2,Shri Luizinho Faleiro,09/06/99,24/11/99,168,INC,0,FALSE,FALSE,FALSE,32,0,1,NAVELIM,,,,,
Goa,3,2,77,1,Shri Francisco Sardinha,24/11/99,23/10/00,334,INC,0,FALSE,FALSE,FALSE,31,0,1,CURTORIM,,,,,
Goa,3,3,78,1,Shri Manohar Parrikar,24/10/00,31/05/02,584,BJP,1,FALSE,FALSE,FALSE,10,0,1,PANAJI,,,,,
Goa,4,1,78,2,Shri Manohar Parrikar,01/06/02,02/02/05,977,BJP,1,FALSE,FALSE,FALSE,10,0,1,PANAJI,,,,,
Goa,4,2,64,3,Shri Pratapsingh R. Rane,03/02/05,04/03/05,29,INC,1,FALSE,FALSE,FALSE,18,0,1,PORIEM,,,,,
Goa,-1,2,,,President's Rule,04/03/05,06/06/05,94,,0,TRUE,FALSE,FALSE,,,,,,,,,
Goa,4,3,64,4,Shri Pratapsingh R. Rane,07/06/05,07/06/07,730,INC,1,FALSE,FALSE,FALSE,18,0,1,PORIEM,,,,,
Goa,5,1,83,1,Shri Digambar Kamat,08/06/07,08/03/12,1735,INC,1,FALSE,FALSE,FALSE,30,0,1,MARGAO,,,,,
Goa,6,1,78,3,Shri Manohar Parrikar,09/03/12,08/11/14,974,BJP,1,FALSE,FALSE,FALSE,11,0,1,PANAJI,,,,,
Goa,6,2,85,1,Shri Laxmikant Parsekar,08/11/14,11/03/17,854,BJP,0,FALSE,FALSE,FALSE,1,0,1,MANDREM,,,,,
Goa,7,1,78,4,Shri Manohar Parrikar,14/03/17,17/09/19,917,,3,FALSE,FALSE,FALSE,,,,,,,,,
Goa,8,1,5021,1,Shri Pramod Sawant,17/09/19,Current,652,,0,FALSE,FALSE,FALSE,17,0,1,,,,,,
Gujarat,1,1,87,1,Dr. Jivraj Narayan Mehta,03/03/62,19/09/63,565,INC,NA,FALSE,FALSE,FALSE,37,0,1,AMRELI,,,,,
Gujarat,1,2,88,1,Shri Balwantray Mehta,19/09/63,19/09/65,731,,0,FALSE,FALSE,FALSE,,,,,,,,,
Gujarat,1,3,89,1,Shri Hitendra K. Desai,19/09/65,28/02/67,527,INC,0,FALSE,FALSE,FALSE,141,0,1,OLPAD,,,,,
Gujarat,2,1,89,2,Shri Hitendra K. Desai,01/03/67,13/05/71,1534,INC,1,FALSE,FALSE,FALSE,155,0,1,OLPAD,,,,,
Gujarat,-1,1,,,President's Rule,13/05/71,17/03/72,309,,0,TRUE,FALSE,FALSE,,,,,,,,,
Gujarat,3,1,92,1,Shri Ghanshyambhai C. Oza,17/03/72,17/07/73,487,INC,0,FALSE,FALSE,FALSE,113,0,1,THASRA,,,,,
Gujarat,3,2,93,1,Shri Chimanbhai J. Patel,17/07/73,09/02/74,207,INC,0,FALSE,FALSE,FALSE,131,0,1,SANKHEDA,,,,,
Gujarat,-1,2,,,President's Rule,09/02/74,18/06/75,494,,0,TRUE,FALSE,FALSE,,,,,,,,,
Gujarat,4,1,95,1,Shri Babubhai J. Patel,18/06/75,12/03/76,268,NCO,0,FALSE,FALSE,FALSE,67,0,1,SABARMATI,,,,,
Gujarat,-1,3,,,President's Rule,12/03/76,24/12/76,287,,0,TRUE,FALSE,FALSE,,,,,,,,,
Gujarat,4,2,97,1,Shri Madhavsinh F. Solanki,24/12/76,11/04/77,108,INC,0,FALSE,FALSE,FALSE,139,0,1,BHARDRAN,,,,,
Gujarat,4,3,95,2,Shri Babubhai J. Patel,11/04/77,17/02/80,1042,NCO,0,FALSE,FALSE,FALSE,67,0,1,SABARMATI,,,,,
Gujarat,-1,4,,,President's Rule,17/02/80,06/06/80,110,,0,TRUE,FALSE,FALSE,,,,,,,,,
Gujarat,5,1,97,2,Shri Madhavsinh F. Solanki,07/06/80,08/03/85,1735,INC(I),1,FALSE,FALSE,FALSE,139,0,1,BHADRAN,,,,,
Gujarat,6,1,97,3,Shri Madhavsinh F. Solanki,09/03/85,06/07/85,119,INC,1,FALSE,FALSE,FALSE,139,0,1,BHADRAN,,,,,
Gujarat,6,2,102,1,Shri Amarsinh Chaudhary,06/07/85,09/12/89,1617,INC,0,FALSE,FALSE,FALSE,164,0,1,VYARA,,,,,
Gujarat,6,3,97,4,Shri Madhavsinh F. Solanki,10/12/89,03/03/90,83,INC,1,FALSE,FALSE,FALSE,139,0,1,BHADRAN,,,,,
Gujarat,7,1,93,2,Shri Chimanbhai Patel,03/03/90,17/02/94,1447,JD,0,FALSE,FALSE,FALSE,88,0,1,UNJHA,,,,,
Gujarat,7,2,105,1,Shri Chhabildas Mehta,17/02/94,13/03/95,389,JD,0,FALSE,FALSE,FALSE,54,0,1,MAHUVA,,,,,
Gujarat,8,1,106,1,Shri Keshubhai Savdasbhai Patel,14/03/95,20/10/95,220,BJP,1,FALSE,FALSE,FALSE,40,0,1,VISAVADAR,,,,,
Gujarat,8,2,107,1,Shri Sureshchandra Rupshanker Mehta,21/10/95,19/09/96,334,BJP,1,FALSE,FALSE,FALSE,2,0,1,MANDVI,,,,,
Gujarat,-1,5,,,President's Rule,19/09/96,23/10/96,34,,0,TRUE,FALSE,FALSE,,,,,,,,,
Gujarat,8,3,109,1,Shri Shankersinhji Laxmansinhji Vaghela,23/10/96,27/10/97,369,RJP(G),0,FALSE,FALSE,FALSE,94,1,1,RADHANPUR,,,,,
Gujarat,8,4,110,1,Shri Dilipbhai Ramanbhai Parikh,28/10/97,04/03/98,127,BJP,1,FALSE,FALSE,FALSE,59,0,1,DHANDHUKA,,,,,
Gujarat,9,1,106,2,Shri Keshubhai Savdasbhai Patel,04/03/98,06/10/01,1312,BJP,0,FALSE,FALSE,FALSE,40,0,1,VISAVADAR,,,,,
Gujarat,9,2,113,1,Shri Narendra Modi,07/10/01,26/12/02,445,,1,FALSE,FALSE,FALSE,18,1,1,,,,,,
Gujarat,10,1,113,2,Shri Narendra Modi,27/12/02,17/01/08,1847,BJP,1,FALSE,FALSE,FALSE,77,0,1,MANINAGAR,,,,,
Gujarat,11,1,113,3,Shri Narendra Modi,18/01/08,22/01/13,1831,BJP,1,FALSE,FALSE,FALSE,77,0,1,MANINAGAR,,,,,
Gujarat,12,1,113,4,Shri Narendra Modi,23/01/13,22/05/14,484,BJP,1,FALSE,FALSE,FALSE,53,0,1,MANINAGAR,,,,,
Gujarat,12,2,116,1,Smt. Anandiben Patel,22/05/14,07/08/16,808,BJP,0,FALSE,FALSE,FALSE,41,0,1,GHATLODIA,,,,,
Gujarat,12,3,117,1,Shri Vijaybhai R. Rupani,07/08/16,21/12/17,501,BJP,0,FALSE,FALSE,FALSE,69,1,1,RAJKOT WEST,,,,,
Gujarat,13,1,117,2,Shri Vijaybhai R. Rupani,26/12/17,Current,1282,BJP,5,FALSE,FALSE,FALSE,69,0,1,RAJKOT WEST,,,,,
Haryana,0,1,118,1,Shri Bhagwat Dayal Sharma,01/11/66,10/03/67,129,,NA,FALSE,FALSE,FALSE,,,,,,,,,
Haryana,1,1,118,2,Shri Bhagwat Dayal Sharma,11/03/67,23/03/67,12,,1,FALSE,FALSE,FALSE,,,,,,,,,
Haryana,1,2,120,1,Rao Birender Singh,24/03/67,20/11/67,241,INC,1,FALSE,FALSE,FALSE,55,0,1,PATAUDI,AEHR307,1,FALSE,FALSE,FALSE
Haryana,-1,1,,,President's Rule,21/11/67,22/05/68,183,,1,TRUE,FALSE,FALSE,,,,,,,,,
Haryana,2,1,122,1,SHRI BANSI LAL,21/05/68,14/03/72,1393,INC,NA,FALSE,FALSE,FALSE,66,0,1,TOSHAM,AEHR792,1,FALSE,FALSE,FALSE
Haryana,3,1,122,2,SHRI BANSI LAL,14/03/72,30/11/75,1356,INC,0,FALSE,FALSE,FALSE,66,0,1,TOSHAM,AEHR792,2,FALSE,TRUE,TRUE
Haryana,3,2,124,1,Shri Banarsi Das Gupta,01/12/75,30/04/77,516,INC,1,FALSE,FALSE,FALSE,67,0,1,BHIWANI,AEHR799,2,FALSE,TRUE,TRUE
Haryana,-1,2,,,President's Rule,30/04/77,21/06/77,52,,0,TRUE,FALSE,FALSE,,,,,,,,,
Haryana,4,1,126,1,Chaudhary Devi Lal,21/06/77,28/06/79,737,JNP,0,FALSE,FALSE,FALSE,73,0,1,BHATTU KALAN,AEHR1791,1,FALSE,FALSE,FALSE
Haryana,4,2,127,1,Shri Bhajan Lal,28/06/79,23/05/82,1060,JNP,0,FALSE,FALSE,FALSE,79,0,1,ADAMPUR,AEHR828,3,TRUE,TRUE,TRUE
Haryana,5,1,127,2,Shri Bhajan Lal,23/05/82,04/06/86,1473,INC,0,FALSE,FALSE,FALSE,79,0,1,ADAMPUR,AEHR828,4,TRUE,TRUE,TRUE
Haryana,5,2,122,3,SHRI BANSI LAL,05/06/86,20/06/87,380,INC,1,FALSE,FALSE,FALSE,67,1,1,TOSHAM,AEHR100316,1,FALSE,FALSE,FALSE
Haryana,6,1,126,2,Chaudhary Devi Lal,20/06/87,02/12/89,896,LKD,0,FALSE,FALSE,FALSE,31,0,1,MEHAM,AEHR2267,2,FALSE,FALSE,TRUE
Haryana,6,2,133,1,Shri Om Parkash Chautala,02/12/89,22/05/90,171,,0,FALSE,FALSE,FALSE,,,,,,,,,
Haryana,6,3,124,2,Shri Banarsi Das Gupta,23/05/90,12/07/90,50,LKD,1,FALSE,FALSE,FALSE,66,0,1,BHIWANI,AEHR3969,1,FALSE,FALSE,FALSE
Haryana,6,4,133,2,Shri Om Parkash Chautala,12/07/90,17/07/90,5,,0,FALSE,FALSE,FALSE,,,,,,,,,
Haryana,6,5,134,1,Shri Hukam Singh,17/07/90,22/03/91,248,LKD,0,FALSE,FALSE,FALSE,64,0,1,DADRI,AEHR353,3,FALSE,TRUE,TRUE
Haryana,6,6,133,3,Shri Om Parkash Chautala,22/03/91,05/04/91,14,LKD,0,FALSE,FALSE,FALSE,33,0,1,BERI,AEHR6928,1,TRUE,FALSE,FALSE
Haryana,-1,3,,,President's Rule,06/04/91,23/06/91,78,,1,TRUE,FALSE,FALSE,,,,,,,,,
Haryana,7,1,127,3,Shri Bhajan Lal,23/06/91,10/05/96,1783,INC,0,FALSE,FALSE,FALSE,79,0,1,ADAMPUR,AEHR5955,1,FALSE,FALSE,FALSE
Haryana,8,1,122,4,SHRI BANSI LAL,11/05/96,21/07/99,1166,HVP,1,FALSE,FALSE,FALSE,67,0,1,TOSHAM,AEHR792,4,FALSE,TRUE,TRUE
Haryana,8,2,133,4,Shri Om Parkash Chautala,24/07/99,02/03/00,222,,3,FALSE,FALSE,FALSE,,,,,,,,,
Haryana,9,1,133,5,Shri Om Parkash Chautala,02/03/00,05/03/05,1829,INLD,0,FALSE,FALSE,FALSE,45,0,1,NARWANA,AEHR2416,3,TRUE,TRUE,TRUE
Haryana,10,1,141,1,Shri Bhupinder Singh Hooda,05/03/05,25/10/09,1695,INC,0,FALSE,FALSE,FALSE,29,1,1,Kiloi,AEHR2236,2,FALSE,FALSE,TRUE
Haryana,11,1,141,2,Shri Bhupinder Singh Hooda,25/10/09,25/10/14,1826,INC,0,FALSE,FALSE,FALSE,61,0,1,GARHI SAMPLA-KILOI,AEHR2236,3,FALSE,TRUE,TRUE
Haryana,12,1,5031,1,Shri Manohar Lal Khattar,26/10/14,26/10/19,1826,BJP,1,FALSE,FALSE,FALSE,21,0,1,KARNAL,AEHR12198,1,FALSE,FALSE,FALSE
Haryana,13,1,5031,2,Shri Manohar Lal Khattar,27/10/19,Current,612,BJP,1,FALSE,FALSE,FALSE,21,0,1,KARNAL,AEHR12198,2,FALSE,TRUE,TRUE
Himachal Pradesh,,,,,Prem Kumar Dhumal,30/12/07,25/12/12,,BJP,,,,,,,,,,,,,
Himachal Pradesh,,,,,Virbhadra Singh,25/12/12,27/12/17,,INC,,,,,,,,,,,,,
Himachal Pradesh,,,,,Jai Ram Thakur,27/12/17,Current,,BJP,,,,,,,,,,,,,
Jammu_&_Kashmir,1,1,143,1,Bakshi Ghulam Mohammad,20/02/62,12/10/63,599,,NA,FALSE,FALSE,FALSE,,,,,,,,,
Jammu_&_Kashmir,1,2,144,1,Khwaja Shamsuddin,12/10/63,29/02/64,140,,0,FALSE,FALSE,FALSE,,,,,,,,,
Jammu_&_Kashmir,1,3,145,1,Ghulam Mohammed Sadiq,29/02/64,30/03/65,395,,0,FALSE,FALSE,FALSE,,,,,,,,,
Jammu_&_Kashmir,1,4,145,2,Shri Ghulam Mohammed Sadiq,30/03/65,22/02/67,694,,0,FALSE,FALSE,FALSE,,,,,,,,,
Jammu_&_Kashmir,2,1,145,3,Shri Ghulam Mohammed Sadiq,23/02/67,12/12/71,1753,,1,FALSE,FALSE,FALSE,,,,,,,,,
Jammu_&_Kashmir,2,2,148,1,Syed Mir Qasim,12/12/71,25/02/75,1171,INC,0,FALSE,FALSE,FALSE,41,0,1,VERINAG,,,,,
Jammu_&_Kashmir,3,1,149,1,Sheikh Mohammad Abdullah,25/02/75,26/03/77,760,,0,FALSE,TRUE,FALSE,,,,,,,,,
Jammu_&_Kashmir,-1,1,,,Governor's Rule (Lakshmi Kanth Jha),26/03/77,09/07/77,105,,0,TRUE,FALSE,FALSE,,,,,,,,,
Jammu_&_Kashmir,4,1,149,2,Sheikh Mohammad Abdullah,09/07/77,08/09/82,1887,JKN,0,FALSE,FALSE,FALSE,15,0,1,GANDERBAL,,,,,
Jammu_&_Kashmir,4,2,152,1,Dr Farooq Abdullah,08/09/82,04/05/83,238,,0,FALSE,FALSE,FALSE,,,,,,,,,
Jammu_&_Kashmir,5,1,152,2,Dr Farooq Abdullah,05/05/83,02/07/84,424,,1,FALSE,FALSE,FALSE,,,,,,,,,
Jammu_&_Kashmir,5,2,154,1,Shri Ghulam Mohammad Shah,02/07/84,06/03/86,612,,0,FALSE,TRUE,FALSE,,,,,,,,,
Jammu_&_Kashmir,-1,2,,,Governor's Rule (Shri Jagmohan),06/03/86,07/11/86,246,,0,TRUE,FALSE,FALSE,,,,,,,,,
Jammu_&_Kashmir,5,3,152,3,Dr Farooq Abdullah,07/11/86,24/03/87,137,JKN,0,FALSE,FALSE,FALSE,15,0,1,GANDERBAL,,,,,
Jammu_&_Kashmir,6,1,152,4,Dr Farooq Abdullah,25/03/87,19/01/90,1031,JKN,1,FALSE,FALSE,FALSE,15,0,1,GANDERBAL,,,,,
Jammu_&_Kashmir,-1,3,,,Governor's Rule (Shri Jagmohan),19/01/90,09/10/96,2455,,0,TRUE,FALSE,FALSE,,,,,,,,,
Jammu_&_Kashmir,7,1,152,5,Dr Farooq Abdullah,09/10/96,18/10/02,2200,JKN,0,FALSE,FALSE,FALSE,17,0,1,GANDERBAL,,,,,
Jammu_&_Kashmir,8,1,164,1,Mufti Mohammad Sayeed,02/11/02,02/11/05,1096,JKPDP,15,FALSE,FALSE,FALSE,46,1,1,Pahalgam,,,,,
Jammu_&_Kashmir,8,2,161,1,Shri Ghulam Nabi Azad,02/11/05,11/07/08,982,,0,FALSE,FALSE,FALSE,54,1,1,Bhaderwah,,,,,
Jammu_&_Kashmir,-1,4,,,Governor's Rule (Shri N N Vora),11/07/08,05/01/09,178,,0,TRUE,FALSE,FALSE,,,,,,,,,
Jammu_&_Kashmir,9,1,163,1,Shri Omar Abdullah,05/01/09,08/01/15,2194,JKN,0,FALSE,FALSE,FALSE,17,0,1,GANDERBAL,,,,,
Jammu_&_Kashmir,10,1,164,2,Mufti Mohammad Sayeed 0,03/03/15,07/01/16,310,JKPDP,54,FALSE,FALSE,FALSE,40,0,1,ANANTNAG,,,,,
Jammu_&_Kashmir,-1,5,,,Governor's Rule (Shri N N Vora),08/01/16,03/04/16,86,,1,TRUE,FALSE,FALSE,,,,,,,,,
Jammu_&_Kashmir,10,2,166,1,Ms Mehbooba Mufti,04/04/16,19/06/18,806,JPDP,1,FALSE,FALSE,FALSE,40,1,1,ANANTNAG,,,,,
Jammu_&_Kashmir,-1,6,,,Governor's Rule (Shri Satya Pal Malik),23/08/18,31/10/19,434,,65,TRUE,FALSE,FALSE,,,,,,,,,
Jammu_&_Kashmir,-1,7,,,Lt. Governor's Rule (Shri Girish Chandra Murmu),31/10/19,05/08/20,279,,0,TRUE,FALSE,FALSE,,,,,,,,,
Jharkhand,,,,,Shibu Soren,30/12/09,01/06/10,,JMM,,,,,,,,,,,,,
Jharkhand,,,,,Arjun Munda,11/09/10,18/01/13,,BJP,,,,,,,,,,,,,
Jharkhand,,,,,Hemant Soren,13/07/13,28/12/14,,JMM,,,,,,,,,,,,,
Jharkhand,,,,,Raghubar Das,28/12/14,29/12/19,,BJP,,,,,,,,,,,,,
Jharkhand,,,,,Hemant Soren,29/12/19,Current,,JMM,,,,,,,,,,,,,
Karnataka,0,1,169,1,Sri S.R.KANTHI,14/03/62,20/06/62,98,,NA,FALSE,FALSE,FALSE,,,,,,,,,
Karnataka,0,2,170,1,Sri S.NIJALINGAPPA,21/06/62,14/03/67,1727,,1,FALSE,FALSE,FALSE,,,,,,,,,
Karnataka,0,3,170,2,Sri S.NIJALINGAPPA,15/03/67,28/05/68,440,,1,FALSE,FALSE,FALSE,,,,,,,,,
Karnataka,0,4,172,1,Sri VEERENDRA PATIL,29/05/68,18/03/71,1023,,1,FALSE,FALSE,FALSE,,,,,,,,,
Karnataka,-1,1,,,President's Rule,19/03/71,20/03/72,367,,1,TRUE,FALSE,FALSE,,,,,,,,,
Karnataka,0,5,174,1,Sri D.DEVRAJ URS,20/03/72,31/12/77,2112,,0,FALSE,FALSE,FALSE,,,,,,,,,
Karnataka,-1,2,,,President's Rule,31/12/77,28/02/78,59,,0,TRUE,FALSE,FALSE,,,,,,,,,
Karnataka,1,1,176,1,Sri D.DEVARAJ URS,28/02/78,07/01/80,678,INC(I),0,FALSE,FALSE,FALSE,123,0,1,HUNSUR,AEKA107930,1,FALSE,FALSE,FALSE
Karnataka,1,2,177,1,Sri R.GUNDU RAO,12/01/80,06/01/83,1090,INC(I),5,FALSE,FALSE,FALSE,128,0,1,SOMWARPET,AEKA106140,1,FALSE,FALSE,FALSE
Karnataka,1,3,178,1,Sri RAMAKRISHNA HEGDE,10/01/83,23/07/83,194,JNP,4,FALSE,FALSE,FALSE,171,0,1,ANKOLA,AEKA13380,1,FALSE,FALSE,FALSE
Karnataka,2,1,178,2,Sri RAMAKRISHNA HEGDE,24/07/83,29/12/84,524,INC,1,FALSE,FALSE,FALSE,171,0,1,ANKOLA,AEKA13379,1,FALSE,FALSE,FALSE
Karnataka,3,1,178,3,Sri RAMAKRISHNA HEGDE,08/03/85,13/02/86,342,JNP,69,FALSE,FALSE,FALSE,82,0,1,BASAVANAGUDI,AEKA10205,1,FALSE,FALSE,FALSE
Karnataka,3,2,178,4,Sri RAMAKRISHNA HEGDE,16/02/86,10/08/88,906,JNP,3,FALSE,FALSE,FALSE,82,0,1,BASAVANAGUDI,AEKA10205,1,FALSE,FALSE,FALSE
Karnataka,3,3,182,1,Sri S.R.BOMMAI,13/08/88,21/04/89,251,JNP,3,FALSE,FALSE,FALSE,177,0,1,HUBLI RURAL,AEKA10869,1,FALSE,FALSE,FALSE
Karnataka,-1,3,,,President's Rule,21/04/89,30/11/89,223,,0,TRUE,FALSE,FALSE,,,,,,,,,
Karnataka,4,1,172,2,Sri VEERENDRA PATIL,30/11/89,10/10/90,314,INC,0,FALSE,FALSE,FALSE,7,0,1,CHINCHOLI,AEKA107272,1,FALSE,FALSE,FALSE
Karnataka,-1,4,,,President's Rule,10/10/90,17/10/90,7,,0,TRUE,FALSE,FALSE,,,,,,,,,
Karnataka,4,2,186,1,Sri S.BANGARAPPA,17/10/90,19/11/92,764,INC,0,FALSE,FALSE,FALSE,166,0,1,SORAB,AEKA107071,4,FALSE,TRUE,TRUE
Karnataka,4,3,187,1,Sri VEERAPPA MOILY,19/11/92,11/12/94,752,INC,0,FALSE,FALSE,FALSE,150,0,1,KARKAL,AEKA106234,4,FALSE,TRUE,TRUE
Karnataka,5,1,188,1,Sri H.D.DEVEGOWDA,11/12/94,31/05/96,537,JD,0,FALSE,FALSE,FALSE,94,0,1,RAMANAGARAM,AEKA106161,4,TRUE,FALSE,TRUE
Karnataka,5,2,189,1,Sri J.H.PATEL,31/05/96,07/10/99,1224,JD,0,FALSE,FALSE,FALSE,158,0,1,CHANNAGIRI,GENA18881,4,FALSE,FALSE,TRUE
Karnataka,6,1,190,1,Sri S.M.KRISHNA,11/10/99,28/05/04,1691,INC,4,FALSE,FALSE,FALSE,102,0,1,MADDUR,AEKA107872,2,FALSE,FALSE,TRUE
Karnataka,7,1,191,1,Sri DHARAM SINGH,28/05/04,02/02/06,615,INC,0,FALSE,FALSE,FALSE,15,0,1,JEWARGI,AEKA108,7,FALSE,TRUE,TRUE
Karnataka,7,2,192,1,Sri H.D.KUMARA SWAMY,03/02/06,08/10/07,612,JD(S),1,FALSE,FALSE,FALSE,94,0,1,RAMANAGARAM,GEKA3026,1,FALSE,FALSE,TRUE
Karnataka,-1,5,,,President's Rule,08/10/07,12/11/07,35,,0,TRUE,FALSE,FALSE,,,,,,,,,
Karnataka,7,3,194,1,Sri B.S.YEDDYURAPPA,12/11/07,19/11/07,7,BJP,0,FALSE,FALSE,FALSE,167,0,1,SHIKARIPUR,AEKA2060,5,FALSE,FALSE,TRUE
Karnataka,-1,6,,,President's Rule,20/11/07,29/05/08,191,,1,TRUE,FALSE,FALSE,,,,,,,,,
Karnataka,8,1,194,2,Dr B.S.YEDDYURAPPA,30/05/08,04/08/11,1161,BJP,1,FALSE,FALSE,FALSE,115,0,1,SHIKARIPURA,AEKA2060,6,FALSE,TRUE,TRUE
Karnataka,8,2,197,1,Sri D.V.SADANANDA GOWDA,05/08/11,11/07/12,341,,1,FALSE,TRUE,FALSE,,,,,,,,,
Karnataka,8,3,198,1,Sri JAGADISH SHETTAR,12/07/12,12/05/13,304,BJP,1,FALSE,FALSE,FALSE,73,0,1,HUBLI-DHARWAD-CENTRAL,AEKA1493,4,FALSE,TRUE,TRUE
Karnataka,9,1,5041,1,Sri Siddaramaiah,13/05/13,15/05/18,1828,INC,1,FALSE,FALSE,FALSE,219,0,1,VARUNA,AEKA3440,6,FALSE,TRUE,TRUE
Karnataka,10,1,194,3,Sri B.S.YEDDYURAPPA,17/05/18,19/05/18,2,BJP,2,FALSE,FALSE,FALSE,115,0,1,SHIKARIPURA,AEKA2060,8,TRUE,FALSE,TRUE
Karnataka,10,2,5042,1,Sri H.D.KUMARA SWAMY,23/05/18,23/07/19,426,JD(S),4,FALSE,FALSE,FALSE,183,0,1,RAMANAGARAM,GEKA3026,4,FALSE,TRUE,TRUE
Karnataka,10,3,194,4,Sri B.S.YEDDYURAPPA,26/07/19,Current,705,BJP,3,FALSE,FALSE,FALSE,115,0,1,SHIKARIPURA,AEKA2060,8,TRUE,FALSE,TRUE
Kerala,-1,1,,,President's Rule,10/09/64,06/03/67,907,,NA,TRUE,FALSE,FALSE,,,,,,,,,
Kerala,4,1,200,1,Shri. E. M. S. Namboodiripad,06/03/67,01/11/69,971,CPM,0,FALSE,FALSE,FALSE,37,0,1,PATTAMBI,AEKL110006,,FALSE,FALSE,FALSE
Kerala,4,2,201,1,Shri. C. Achutha Menon,01/11/69,01/08/70,273,,0,FALSE,FALSE,FALSE,111,1,1,,,,,,
Kerala,-1,2,,,President's Rule,01/08/70,04/10/70,64,,0,TRUE,FALSE,FALSE,,,,,,,,,
Kerala,5,1,201,2,Shri. C. Achutha Menon,04/10/70,25/03/77,2364,CPI,0,FALSE,FALSE,FALSE,56,0,1,KODAKARA,AEKL109569,,FALSE,FALSE,FALSE
Kerala,6,1,213,1,Shri. K. Karunakaran,25/03/77,25/04/77,31,INC,0,FALSE,FALSE,FALSE,62,0,1,MALA,AEKL105660,,FALSE,TRUE,TRUE
Kerala,6,2,214,1,Shri. A. K. Antony,27/04/77,27/10/78,548,,2,FALSE,FALSE,FALSE,,,,,,,,,
Kerala,6,3,206,1,Shri. P. K. Vasudevan Nair,29/10/78,07/10/79,343,CPI,2,FALSE,FALSE,FALSE,100,0,1,ALLEPPEY,GEKL16737,,FALSE,FALSE,FALSE
Kerala,6,4,207,1,Shri. C. H. Mohammed Koya,12/10/79,01/12/79,50,MUL,5,FALSE,FALSE,FALSE,34,0,1,MALAPPURAM,AEKL108285,,FALSE,FALSE,FALSE
Kerala,-1,3,,,President's Rule,01/12/79,25/01/80,55,,0,TRUE,FALSE,FALSE,,,,,,,,,
Kerala,7,1,215,1,Shri. E. K. Nayanar,25/01/80,20/10/81,634,CPM,0,FALSE,FALSE,FALSE,48,0,1,MALAMPUZHA,AEKL108333,,FALSE,FALSE,FALSE
Kerala,7,2,213,2,Shri. K. Karunakaran,28/12/81,17/03/82,79,INC(I),69,FALSE,FALSE,FALSE,62,0,1,MALA,AEKL105660,,TRUE,TRUE,TRUE
Kerala,8,1,213,3,Shri. K. Karunakaran,24/05/82,25/03/87,1766,INC,68,FALSE,FALSE,FALSE,62,0,1,MALA,AEKL105660,,TRUE,TRUE,TRUE
Kerala,9,1,215,2,Shri. E. K. Nayanar,26/03/87,17/06/91,1544,CPM,1,FALSE,FALSE,FALSE,5,0,1,TRIKKARPUR,AEKL108333,,FALSE,TRUE,TRUE
Kerala,10,1,213,4,Shri. K. Karunakaran,24/06/91,16/03/95,1361,INC,7,FALSE,FALSE,FALSE,62,0,1,MALA,AEKL105660,,FALSE,TRUE,TRUE
Kerala,10,2,214,2,Shri. A. K. Antony,22/03/95,09/05/96,414,,6,FALSE,FALSE,FALSE,36,1,1,Thirurangadi,,,,FALSE,FALSE
Kerala,11,1,215,3,Shri. E. K. Nayanar,20/05/96,13/05/01,1819,CPM,11,FALSE,FALSE,FALSE,12,1,1,Tellicherry,AEKL108333,,FALSE,FALSE,TRUE
Kerala,12,1,214,3,Shri. A. K. Antony,17/05/01,29/08/04,1200,INC,4,FALSE,FALSE,FALSE,98,0,1,SHERTHALAI,AEKL103901,,FALSE,TRUE,TRUE
Kerala,12,2,217,1,Shri. Oommen Chandy,31/08/04,12/05/06,619,INC,2,FALSE,FALSE,FALSE,92,0,1,PUTHUPPALLY,AEKL109684,,FALSE,TRUE,TRUE
Kerala,13,1,218,1,Shri. V. S. Achuthanandan,18/05/06,14/05/11,1822,CPM,6,FALSE,FALSE,FALSE,48,0,1,MALAMPUZHA,AEKL105902,,FALSE,TRUE,TRUE
Kerala,14,1,217,2,Shri. Oommen Chandy,18/05/11,20/05/16,1829,INC,4,FALSE,FALSE,FALSE,98,0,1,PUTHUPPALLY,AEKL109684,,FALSE,TRUE,TRUE
Kerala,15,1,220,1,Shri. Pinarayi Vijayan,25/05/16,03/05/21,1804,CPM,5,FALSE,FALSE,FALSE,12,0,1,DHARMADAM,AEKL105418,,FALSE,FALSE,FALSE
Kerala,16,1,220,2,Shri. Pinarayi Vijayan,20/05/21,Current,41,CPM,17,FALSE,FALSE,FALSE,12,0,1,DHARMADAM,AEKL105418,6,FALSE,TRUE,TRUE
Madhya_Pradesh,3,1,221,1,Shri Bhagwantrao Mandloi,12/03/62,29/09/63,566,INC,NA,FALSE,FALSE,FALSE,258,0,1,KHANDWA,AEMP1231,1,FALSE,FALSE,FALSE
Madhya_Pradesh,3,2,222,1,Shri Dwarka Prasad Mishra,30/09/63,08/03/67,1255,,1,FALSE,FALSE,FALSE,,,,,,,,,
Madhya_Pradesh,4,1,222,2,Shri Dwarka Prasad Mishra,09/03/67,29/07/67,142,INC,1,FALSE,FALSE,FALSE,174,0,1,KATANGI,AEMP2313,1,FALSE,FALSE,FALSE
Madhya_Pradesh,4,2,224,1,Shri Govindnarayan Singh,30/07/67,12/03/69,591,INC,1,FALSE,FALSE,FALSE,48,0,1,RAMPUR BHAGHELAN,AEMP1664,1,FALSE,FALSE,FALSE
Madhya_Pradesh,4,3,225,1,Shri Raja Nareshchandra Singh,13/03/69,25/03/69,12,INC,1,FALSE,FALSE,FALSE,87,0,1,PUSSOUR,AEMP1877,1,FALSE,FALSE,FALSE
Madhya_Pradesh,4,4,226,1,Shri Shyamacharan Shukla,26/03/69,28/01/72,1038,INC,1,FALSE,FALSE,FALSE,121,0,1,RAJIM,AEMP2052,1,FALSE,FALSE,FALSE
Madhya_Pradesh,4,5,227,1,Shri Prakash Chandra Sethi,29/01/72,22/03/72,53,BJS,1,FALSE,FALSE,FALSE,245,0,1,UJJAIN NORTH,AEMP2704,1,FALSE,FALSE,FALSE
Madhya_Pradesh,5,1,227,2,Shri Prakash Chandra Sethi,23/03/72,22/12/75,1369,INC,1,FALSE,FALSE,FALSE,245,0,1,UJJAIN NORTH,GEMP19195,1,FALSE,FALSE,FALSE
Madhya_Pradesh,5,2,226,2,Shri Shyamacharan Shukla,23/12/75,29/04/77,493,INC,1,FALSE,FALSE,FALSE,121,0,1,RAJIM,AEMP631,2,FALSE,FALSE,FALSE
Madhya_Pradesh,-1,1,,,President's Rule,30/04/77,25/06/77,56,,1,TRUE,FALSE,FALSE,,,,,,,,,
Madhya_Pradesh,6,1,231,1,Shri Kailsh Chandra Joshi,26/06/77,17/01/78,205,JNP,1,FALSE,FALSE,FALSE,279,0,1,BAGLI,AEMP6173,1,FALSE,FALSE,FALSE
Madhya_Pradesh,6,2,232,1,Shri Virendra Kumar Sakhlecha,18/01/78,19/01/80,731,JNP,1,FALSE,FALSE,FALSE,320,0,1,JAWAD,AEMP4304,1,TRUE,FALSE,TRUE
Madhya_Pradesh,6,3,233,1,Shri Sunderlal Patwa,20/01/80,17/02/80,28,JNP,1,FALSE,FALSE,FALSE,237,0,1,SEHORE,AEMP14084,1,FALSE,FALSE,FALSE
Madhya_Pradesh,-1,2,,,President's Rule,18/02/80,08/06/80,111,,1,TRUE,FALSE,FALSE,,,,,,,,,
Madhya_Pradesh,7,1,235,1,Shri Arjun Singh,09/06/80,10/03/85,1735,INC(I),1,FALSE,FALSE,FALSE,73,0,1,CHURAHAT,AEMP4869,2,TRUE,TRUE,TRUE
Madhya_Pradesh,8,1,235,2,Shri Arjun Singh,11/03/85,12/03/85,1,INC,1,FALSE,FALSE,FALSE,73,0,1,CHURAHAT,AEMP4869,3,TRUE,TRUE,TRUE
Madhya_Pradesh,8,2,239,1,Shri Motilal Vora,13/03/85,13/02/88,1067,INC,1,FALSE,FALSE,FALSE,162,0,1,DURG,AEMP3657,4,TRUE,TRUE,TRUE
Madhya_Pradesh,8,3,235,3,Shri Arjun Singh,14/02/88,24/01/89,345,INC,1,FALSE,FALSE,FALSE,73,0,1,CHURAHAT,AEMP4869,3,TRUE,TRUE,TRUE
Madhya_Pradesh,8,4,239,2,Shri Motilal Vora,25/01/89,08/12/89,317,INC,1,FALSE,FALSE,FALSE,162,0,1,DURG,AEMP3657,4,TRUE,TRUE,TRUE
Madhya_Pradesh,8,5,226,3,Shri Shyamacharan Shukla,09/12/89,04/03/90,85,,1,FALSE,FALSE,TRUE,,,,,,,,,
Madhya_Pradesh,9,1,233,2,Shri Sunderlal Patwa,05/03/90,15/12/92,1016,BJP,1,FALSE,FALSE,FALSE,145,0,1,DHAMTARI,AEMP17107,1,FALSE,FALSE,FALSE
Madhya_Pradesh,-1,3,,,President's Rule,16/12/92,06/12/93,355,,1,TRUE,FALSE,FALSE,,,,,,,,,
Madhya_Pradesh,10,1,243,1,Shri Digvijay Singh,07/12/93,01/12/98,1820,INC,1,FALSE,FALSE,FALSE,30,1,1,Chachora,AEMP100526,1,FALSE,FALSE,FALSE
Madhya_Pradesh,11,1,243,2,Shri Digvijay Singh,01/12/98,08/12/03,1833,INC,0,FALSE,FALSE,FALSE,31,0,1,RAGHOGARH,AEMP84686,3,TRUE,FALSE,FALSE
Madhya_Pradesh,12,1,245,1,Sushri Uma Bharti,08/12/03,23/08/04,259,BJP,0,FALSE,FALSE,FALSE,47,0,1,MALEHRA,AEMP21726,1,FALSE,FALSE,FALSE
Madhya_Pradesh,12,2,246,1,Shri Babulal Gaur,23/08/04,29/11/05,463,BJP,0,FALSE,FALSE,FALSE,148,0,1,GOVINDPURA,AEMP7817,5,FALSE,TRUE,TRUE
Madhya_Pradesh,12,3,247,1,Shri Shivraj Singh Chouhan,29/11/05,12/12/08,1109,BJP,0,FALSE,FALSE,FALSE,144,1,1,Budhni,AEMP100740,1,FALSE,FALSE,FALSE
Madhya_Pradesh,13,1,247,2,Shri Shivraj Singh Chouhan,12/12/08,13/12/13,1827,BJP,0,FALSE,FALSE,FALSE,156,0,1,BUDHNI,AEMP13961,2,FALSE,FALSE,FALSE
Madhya_Pradesh,14,1,247,3,Shri Shivraj Singh Chouhan,14/12/13,16/12/18,1828,BJP,1,FALSE,FALSE,FALSE,156,0,1,BUDHNI,AEMP28651,1,FALSE,FALSE,FALSE
Madhya_Pradesh,15,1,250,1,Shri Kamal Nath,17/12/18,22/03/20,461,,1,FALSE,FALSE,FALSE,,,,,,,,,
Madhya_Pradesh,15,2,247,4,Shri Shivraj Singh Chouhan,23/03/20,Current,464,BJP,1,FALSE,FALSE,FALSE,156,0,1,BUDHNI,AEMP28651,2,FALSE,TRUE,TRUE
Maharashtra,,,,,Ashok Shankarrao Charan,08/12/08,09/11/10,,INC,,,,,,,,,,,,,
Maharashtra,,,,,Prithviraj Chavan,11/11/10,26/09/14,,INC,,,,,,,,,,,,,
Maharashtra,,,,,Devendra Gangadharrao Fadnavis,31/10/14,26/11/19,,BJP,,,,,,,,,,,,,
Maharashtra,,,,,Uddhav Thackeray,28/11/19,Current,,Shiv Sena,,,,,,,,,,,,,
Manipur,,,,,Okram Ibobi Singh,07/03/02,14/03/17,,INC,,,,,,,,,,,,,
Manipur,,,,,Nongthombam Biren Singh,15/03/17,Current,,BJP,,,,,,,,,,,,,
Meghalaya,0,1,252,1,Capt. W.A. Sangma,02/04/70,18/03/72,716,,NA,FALSE,FALSE,TRUE,,,,,,,,,
Meghalaya,1,1,252,2,Capt. W.A. Sangma,18/03/72,03/03/78,2176,,0,FALSE,FALSE,FALSE,,,,,,,,,
Meghalaya,2,1,254,1,Shri D.D. Pugh,10/03/78,06/05/79,422,AHL,7,FALSE,FALSE,FALSE,20,0,1,MAWKHAR,AEML5196209,1,FALSE,FALSE,FALSE
Meghalaya,2,2,255,1,Shri B.B. Lyngdoh,07/05/79,07/05/81,731,AHL,1,FALSE,FALSE,FALSE,27,0,1,LYNGKYRDEM,AEML333,2,FALSE,TRUE,TRUE
Meghalaya,2,3,252,3,Capt. W.A. Sangma,07/05/81,24/02/83,658,INC,0,FALSE,FALSE,FALSE,37,0,1,BAGHMARA,AEAS197408,1,FALSE,FALSE,FALSE
Meghalaya,3,1,255,2,Shri B.B. Lyngdoh,02/03/83,31/03/83,29,AHL,6,FALSE,FALSE,FALSE,27,0,1,LYNGKYRDEM,AEML333,3,FALSE,TRUE,TRUE
Meghalaya,3,2,258,1,Shri W.A. Sangma,02/04/83,05/02/88,1770,INC,2,FALSE,FALSE,FALSE,37,0,1,BAGHMARA,AEAS197408,2,FALSE,TRUE,TRUE
Meghalaya,4,1,259,1,Shri Purno A. Sangma,06/02/88,25/03/90,778,INC,1,FALSE,FALSE,FALSE,52,0,1,TURA,AEML1013,1,FALSE,FALSE,FALSE
Meghalaya,4,2,255,3,Shri B.B. Lyngdoh,26/03/90,10/10/91,563,HPU,1,FALSE,FALSE,FALSE,27,0,1,LYNGKYRDEM,AEML333,4,TRUE,TRUE,TRUE
Meghalaya,-1,1,,,President's Rule,11/10/91,05/02/92,117,,1,TRUE,FALSE,FALSE,,,,,,,,,
Meghalaya,4,3,262,1,Shri D.D. Lapang,05/02/92,19/02/93,380,INC,0,FALSE,FALSE,FALSE,10,0,1,NONGPOH,AEML55,4,FALSE,TRUE,TRUE
Meghalaya,5,1,263,1,Shri S.C. Marak,19/02/93,10/03/98,1845,INC,0,FALSE,FALSE,FALSE,42,0,1,RESUBELPARA,AEML642,5,FALSE,TRUE,TRUE
Meghalaya,6,1,255,4,Shri B.B. Lyngdoh,10/03/98,08/03/00,729,UDP,0,FALSE,FALSE,FALSE,27,0,1,LYNGKYRDEM,AEML333,6,TRUE,TRUE,TRUE
Meghalaya,6,2,265,1,Shri E.K. Mawlong,08/03/00,08/12/01,640,UDP,0,FALSE,FALSE,FALSE,9,0,1,UMROI,AEML84,5,TRUE,TRUE,TRUE
Meghalaya,6,3,266,1,Dr. F.A. Khonglam,08/12/01,04/03/03,451,IND,0,FALSE,FALSE,FALSE,29,0,1,SOHRA,AEML343,3,FALSE,TRUE,TRUE
Meghalaya,7,1,262,2,Shri D.D. Lapang,04/03/03,15/06/06,1199,INC,0,FALSE,FALSE,FALSE,10,0,1,NONGPOH,AEML55,6,FALSE,TRUE,TRUE
Meghalaya,7,2,268,1,Shri J. D. Rymbai,15/06/06,10/03/07,268,INC,0,FALSE,FALSE,FALSE,11,0,1,JIRANG,AEML5195487,4,FALSE,TRUE,TRUE
Meghalaya,7,3,262,3,Shri D. D. Lapang,10/03/07,19/03/08,375,INC,0,FALSE,FALSE,FALSE,10,0,1,NONGPOH,AEML55,6,FALSE,TRUE,TRUE
Meghalaya,8,1,270,1,Dr. Donkupar Roy,19/03/08,19/03/09,365,UDP,0,FALSE,FALSE,FALSE,30,0,1,SHELLA,AEML472,5,FALSE,TRUE,TRUE
Meghalaya,-1,2,,,President's Rule,19/03/09,13/04/09,25,,0,TRUE,FALSE,FALSE,,,,,,,,,
Meghalaya,8,2,262,4,Shri D. D. Lapang,13/05/09,18/04/10,340,INC,30,FALSE,FALSE,FALSE,10,0,1,NONGPOH,AEML55,7,FALSE,TRUE,TRUE
Meghalaya,8,3,273,1,Shri Mukul Sangma,20/04/10,05/03/13,1050,INC,2,FALSE,FALSE,FALSE,58,0,1,AMPATIGIRI,GEML5195848,4,FALSE,TRUE,TRUE
Meghalaya,9,1,273,2,Shri Mukul Sangma,05/03/13,04/03/18,1825,INC,0,FALSE,FALSE,FALSE,53,0,1,AMPATI,GEML5195848,5,FALSE,TRUE,TRUE
Meghalaya,10,1,5051,1,Shri Conrad Sangma,06/03/18,Current,1212,,2,FALSE,FALSE,FALSE,,,,,,,,,
Mizoram,1,1,274,1,Ch Chhunga,03/05/72,10/05/77,1833,IND,NA,FALSE,FALSE,FALSE,27,0,1,KOLASIB,AEMZ1851,1,FALSE,FALSE,FALSE
Mizoram,-1,1,,,President's Rule,11/05/77,01/06/78,386,,1,TRUE,FALSE,FALSE,,,,,,,,,
Mizoram,2,1,276,1,Brig T Sailo,02/06/78,10/11/78,161,PPC,1,FALSE,FALSE,FALSE,27,0,1,AIZAWL NORTH,AEMZ5195732,1,FALSE,FALSE,FALSE
Mizoram,-1,2,,,President's Rule,11/11/78,07/05/79,177,,1,TRUE,FALSE,FALSE,,,,,,,,,
Mizoram,3,1,276,2,Brig T Sailo,08/05/79,04/05/84,1823,PPC,1,FALSE,FALSE,FALSE,27,0,1,AIZAWL NORTH,AEMZ5195732,2,FALSE,TRUE,TRUE
Mizoram,4,1,287,1,Lal Thanhawla,05/05/84,20/08/86,837,INC,1,FALSE,FALSE,FALSE,24,0,1,SERCHHIP,AEMZ5196116,2,TRUE,TRUE,TRUE
Mizoram,4,2,280,1,Laldenga,21/08/86,19/02/87,182,,1,FALSE,FALSE,TRUE,,,,,,,,,
Mizoram,5,1,280,2,Laldenga,20/02/87,07/10/88,595,IND,1,FALSE,FALSE,FALSE,34,0,1,AIZAWL NORTH II,AEMZ5196127,1,FALSE,FALSE,FALSE
Mizoram,-1,1,,,President's Rule,08/10/88,23/01/89,107,,1,TRUE,FALSE,FALSE,,,,,,,,,
Mizoram,6,1,287,2,Lal Thanhawla,24/01/89,07/12/93,1778,INC,1,FALSE,FALSE,FALSE,25,0,1,LOKICHERRA,AEMZ5196115,2,FALSE,FALSE,FALSE
Mizoram,7,1,287,3,Lal Thanhawla,08/12/93,03/12/98,1821,INC,1,FALSE,FALSE,FALSE,30,0,1,SERCHHIP,AEMZ5196116,5,FALSE,TRUE,TRUE
Mizoram,8,1,289,1,Zoramthanga,04/12/98,01/12/03,1823,MNF,1,FALSE,FALSE,FALSE,14,0,1,KHAWBUNG,GEMZ5196270,4,FALSE,TRUE,TRUE
Mizoram,9,1,289,2,Zoramthanga,02/12/03,09/12/08,1834,MNF,1,FALSE,FALSE,FALSE,15,0,1,CHAMPHAI,GEMZ5196270,5,FALSE,TRUE,TRUE
Mizoram,10,1,287,4,Lal Thanhawla,10/12/08,11/12/13,1827,INC,1,FALSE,FALSE,FALSE,26,0,1,SERCHHIP,AEMZ5196116,7,FALSE,TRUE,TRUE
Mizoram,11,1,287,5,Lal Thanhawla,12/12/13,14/12/18,1828,INC,1,FALSE,FALSE,FALSE,26,0,1,SERCHHIP,AEMZ5196116,8,FALSE,TRUE,TRUE
Mizoram,12,1,289,3,Zoramthanga,15/12/18,Current,928,MNF,1,FALSE,FALSE,FALSE,13,0,1,AIZAWL EAST - I,GEMZ5196270,6,FALSE,FALSE,TRUE
Nagaland,1,1,290,1,P.Shilu Ao,11/02/64,14/08/66,915,,NA,FALSE,FALSE,TRUE,,,,,,,,,
Nagaland,1,2,291,1,T.N. Angami,14/08/66,22/02/69,923,IND,0,FALSE,FALSE,FALSE,6,0,1,WESTREN ANGAMI,AENL245,,FALSE,FALSE,FALSE
Nagaland,2,1,292,1,Hokishe Sema,22/02/69,26/02/74,1830,NNO,0,FALSE,FALSE,FALSE,30,0,1,AKULUTO,AENL5196035,,FALSE,TRUE,TRUE
Nagaland,3,1,293,1,Vizol Angami,26/02/74,10/03/75,377,UDF,0,FALSE,FALSE,FALSE,15,0,1,SOUTHERN ANGAMI-II,AENL1117,,FALSE,FALSE,FALSE
Nagaland,3,2,294,1,John Bosco Jasokie,10/03/75,20/03/75,10,NNO,0,FALSE,FALSE,FALSE,9,0,1,KOHIMA TOWN,AENL16,,FALSE,TRUE,TRUE
Nagaland,-1,1,,,President's Rule,20/03/75,25/11/77,981,,0,TRUE,FALSE,FALSE,,,,,,,,,
Nagaland,4,1,293,2,Vizol Angami,25/11/77,18/04/80,875,UDF,0,FALSE,FALSE,FALSE,15,0,1,SOUTHERN ANGAMI-II,AENL1117,,FALSE,TRUE,TRUE
Nagaland,4,2,297,1,S.C. Jamir,18/04/80,04/06/80,47,UDF,0,FALSE,FALSE,FALSE,26,0,1,AONGLENDEN,AENL526,,FALSE,FALSE,FALSE
Nagaland,4,3,294,2,John Bosco Jasokie,05/06/80,18/11/82,896,INC,1,FALSE,FALSE,FALSE,9,0,1,KOHIMA TOWN,AENL16,,TRUE,TRUE,TRUE
Nagaland,5,1,297,2,S.C. Jamir,18/11/82,28/10/86,1440,INC,0,FALSE,FALSE,FALSE,26,0,1,AONGLENDEN,AENL526,,TRUE,TRUE,TRUE
Nagaland,5,2,292,2,Hokishe Sema,29/10/86,21/11/87,388,INC,1,FALSE,FALSE,FALSE,4,0,1,GHASPANI-I,AENL449,,FALSE,TRUE,TRUE
Nagaland,6,1,292,3,Hokishe Sema,21/11/87,07/08/88,260,INC,0,FALSE,FALSE,FALSE,4,0,1,GHASPANI-I,AENL449,,FALSE,TRUE,TRUE
Nagaland,-1,2,,,President's Rule,07/08/88,25/01/89,171,,0,TRUE,FALSE,FALSE,,,,,,,,,
Nagaland,7,1,297,3,S.C. Jamir,25/01/89,10/05/90,470,INC,0,FALSE,FALSE,FALSE,27,0,1,MOKOKCHUNG TOWN,AENL526,,FALSE,FALSE,FALSE
Nagaland,7,2,304,1,K.L. Chishi,16/05/90,19/06/90,34,NPC,6,FALSE,FALSE,FALSE,32,0,1,ATOIZU,AENL279,,TRUE,TRUE,TRUE
Nagaland,7,3,305,1,Vamuzo Phesao,19/06/90,02/04/92,653,,0,FALSE,FALSE,FALSE,,,,,,,,,
Nagaland,-1,3,,,President's Rule,02/04/92,22/02/93,326,,0,TRUE,FALSE,FALSE,,,,,,,,,
Nagaland,8,1,297,4,S.C. Jamir,22/02/93,04/03/98,1836,INC,0,FALSE,FALSE,FALSE,27,0,1,MOKOKCHUNG TOWN,AENL526,,FALSE,TRUE,TRUE
Nagaland,9,1,297,5,S.C. Jamir,04/03/98,06/03/03,1828,INC,0,FALSE,FALSE,FALSE,26,0,1,AONGLENDEN,AENL526,,FALSE,TRUE,TRUE
Nagaland,10,1,309,1,Neiphiu Rio,06/03/03,03/01/08,1764,NPF,0,FALSE,FALSE,FALSE,11,0,1,NORTHERN ANGAMI-II,AENL104,,TRUE,TRUE,TRUE
Nagaland,-1,4,,,President's Rule,03/01/08,12/03/08,69,,0,TRUE,FALSE,FALSE,,,,,,,,,
Nagaland,11,2,309,2,Neiphiu Rio,12/03/08,27/02/13,1813,NPF,0,FALSE,FALSE,FALSE,11,0,1,NORTHERN ANGAMI-II,AENL104,,FALSE,TRUE,TRUE
Nagaland,12,1,309,3,Neiphiu Rio,28/02/13,23/05/14,449,NPF,1,FALSE,FALSE,FALSE,11,0,1,NORTHERN ANGAMI-II,AENL104,,FALSE,TRUE,TRUE
Nagaland,12,2,313,1,T.R. Zeliang,24/05/14,19/02/17,1002,NPF,1,FALSE,FALSE,FALSE,7,0,1,PEREN,AENL71,,FALSE,TRUE,TRUE
Nagaland,12,3,314,1,Dr.Shurhozelie Liezietsu,22/02/17,18/07/17,146,,3,FALSE,FALSE,FALSE,,,,,,,,,
Nagaland,12,4,313,2,T.R. Zeliang,19/07/17,07/03/18,231,NPF,1,FALSE,FALSE,FALSE,7,0,1,PEREN,AENL71,,FALSE,TRUE,TRUE
Nagaland,13,1,309,4,Neiphiu Rio,08/03/18,Current,1210,NDPP,1,FALSE,FALSE,FALSE,11,0,1,NORTHERN ANGAMI-II,AENL104,,TRUE,FALSE,TRUE
Odisha,4,1,317,1,Shri Rajendra Narayan Singh Deo,08/03/67,09/01/71,1403,SWA,NA,FALSE,FALSE,FALSE,103,0,1,BOLANGIR,AEOD11198,1,FALSE,FALSE,FALSE
Odisha,-1,1,,,President's Rule,11/01/71,03/04/71,82,,2,TRUE,FALSE,FALSE,,,,,,,,,
Odisha,5,1,319,1,Shri Biswanath Das,03/04/71,14/06/72,438,IND,0,FALSE,FALSE,FALSE,125,1,1,ROURKELA,AEOD10658,1,FALSE,FALSE,FALSE
Odisha,5,2,320,1,Smt. Nandini Satapathy,14/06/72,03/03/73,262,INC,0,FALSE,FALSE,FALSE,41,1,1,CUTTACK,AEOD10177,1,FALSE,FALSE,FALSE
Odisha,-1,2,,,President's Rule,03/03/73,06/03/74,368,,0,TRUE,FALSE,FALSE,,,,,,,,,
Odisha,6,1,320,2,Smt. Nandini Satapathy,06/03/74,16/12/76,1016,,0,FALSE,FALSE,FALSE,41,1,1,,,,,,
Odisha,-1,3,,,President's Rule,16/12/76,29/12/76,13,,0,TRUE,FALSE,FALSE,,,,,,,,,
Odisha,6,2,324,1,Shri Binayak Acharya,29/12/76,30/04/77,122,INC,0,FALSE,FALSE,FALSE,75,0,1,BERHAMPUR,AEOD10342,2,FALSE,TRUE,TRUE
Odisha,-1,4,,,President's Rule,30/04/77,26/06/77,57,,0,TRUE,FALSE,FALSE,,,,,,,,,
Odisha,7,1,326,1,Shri Nilamani Routray,26/06/77,17/02/80,966,JNP,0,FALSE,FALSE,FALSE,22,0,1,BASUDEVPUR,AEOD8671,1,FALSE,FALSE,FALSE
Odisha,-1,5,,,President's Rule,17/02/80,09/06/80,113,,0,TRUE,FALSE,FALSE,,,,,,,,,
Odisha,8,1,332,1,Shri Janaki Ballav Patnaik,09/06/80,09/03/85,1734,INC(I),0,FALSE,FALSE,FALSE,47,1,1,ATHGARH,AEOD8061,1,FALSE,FALSE,FALSE
Odisha,9,1,332,2,Shri Janaki Ballav Patnaik,09/03/85,07/12/89,1734,INC,0,FALSE,FALSE,FALSE,47,0,1,ATHGARH,GEOD00000163,1,FALSE,FALSE,FALSE
Odisha,9,2,334,1,Shri Hemananda Biswal,07/12/89,04/03/90,87,INC,0,FALSE,FALSE,FALSE,131,0,1,LAIKERA,GEOD70941,3,TRUE,TRUE,TRUE
Odisha,10,1,331,1,Shri Biju Patnaik,05/03/90,15/03/95,1836,JD,1,FALSE,FALSE,FALSE,50,0,1,BHUBANESWAR,AEOD10214,3,TRUE,TRUE,TRUE
Odisha,11,1,332,3,Shri Janaki Ballav Patnaik,15/03/95,17/02/99,1435,INC,0,FALSE,FALSE,FALSE,6,1,1,Begunia,AEOD8061,2,TRUE,FALSE,FALSE
Odisha,11,2,333,1,Dr. Giridhar Gamang,17/02/99,06/12/99,292,,0,FALSE,FALSE,FALSE,,,,,,,,,
Odisha,11,3,334,2,Shri Hemananda Biswal,06/12/99,05/03/00,90,INC,0,FALSE,FALSE,FALSE,131,0,1,LAIKERA,GEOD70941,5,FALSE,TRUE,TRUE
Odisha,12,1,5061,1,Shri Naveen Patnaik,05/03/00,15/05/04,1532,BJD,0,FALSE,FALSE,FALSE,73,0,1,HINJILI,AEOD4163,1,FALSE,FALSE,FALSE
Odisha,13,1,5061,2,Shri Naveen Patnaik,16/05/04,21/05/09,1831,BJD,1,FALSE,FALSE,FALSE,73,0,1,HINJILI,AEOD4163,2,FALSE,TRUE,TRUE
Odisha,14,1,5061,3,Shri Naveen Patnaik,21/05/09,21/05/14,1826,BJD,0,FALSE,FALSE,FALSE,131,0,1,HINJILI,AEOD4163,3,FALSE,TRUE,TRUE
Odisha,15,1,5061,4,Shri Naveen Patnaik,21/05/14,29/05/19,1834,BJD,0,FALSE,FALSE,FALSE,131,0,1,HINJILI,AEOD4163,4,FALSE,TRUE,TRUE
Odisha,16,1,5061,5,Shri Naveen Patnaik,29/05/19,Current,763,BJD,0,FALSE,FALSE,FALSE,2,0,1,BIJEPUR,AEOD4163,5,FALSE,TRUE,TRUE
Punjab,,,,,Parkash Singh Badal,01/03/07,16/03/17,,BJP,,,,,,,,,,,,,
Rajasthan,3,1,335,1,Mohan Lal Sukhadia,12/03/62,13/03/67,1827,INC,NA,FALSE,FALSE,FALSE,108,0,1,UDAIPUR,AERJ568,1,FALSE,FALSE,FALSE
Rajasthan,-1,1,,,President's Rule,13/03/67,26/04/67,44,,0,TRUE,FALSE,FALSE,,,,,,,,,
Rajasthan,4,1,335,2,Mohan Lal Sukhadia,26/04/67,09/07/71,1535,INC,0,FALSE,FALSE,FALSE,130,0,1,UDAIPUR,AERJ568,2,FALSE,TRUE,TRUE
Rajasthan,4,2,338,1,Barkatullah Khan,09/07/71,15/03/72,250,,0,FALSE,FALSE,FALSE,,,,,,,,,
Rajasthan,5,1,338,2,Barkatullah Khan,15/03/72,11/10/73,575,INC,0,FALSE,FALSE,FALSE,147,0,1,SOJAT,AERJ2502,1,FALSE,FALSE,FALSE
Rajasthan,5,2,340,1,Hari Dev Joshi,11/10/73,29/04/77,1296,INC,0,FALSE,FALSE,FALSE,119,0,1,BANSWARA,AERJ2389,2,FALSE,FALSE,FALSE
Rajasthan,-1,2,,,President's Rule,29/04/77,22/06/77,54,,0,TRUE,FALSE,FALSE,,,,,,,,,
Rajasthan,6,1,352,1,Bhairon Singh Shekhawat,22/06/77,16/02/80,969,,0,FALSE,FALSE,FALSE,,,,,,,,,
Rajasthan,-1,3,,,President's Rule,16/02/80,06/06/80,111,,0,TRUE,FALSE,FALSE,,,,,,,,,
Rajasthan,7,1,344,1,Jagannath Pahadia,06/06/80,13/07/81,402,INC(I),0,FALSE,FALSE,FALSE,75,1,1,WEIR(SC),AERJ3391,1,FALSE,FALSE,FALSE
Rajasthan,7,2,345,1,Shiv Charan Mathur,14/07/81,23/02/85,1320,INC(I),1,FALSE,FALSE,FALSE,154,0,1,MANDALGARH,AERJ3580,2,TRUE,FALSE,TRUE
Rajasthan,7,3,346,1,Heera Lal Devpura,23/02/85,10/03/85,15,INC(I),0,FALSE,FALSE,FALSE,149,0,1,KUMBHALGARH,AERJ34,3,TRUE,FALSE,FALSE
Rajasthan,8,1,340,2,Hari Dev Joshi,10/03/85,20/01/88,1046,INC,0,FALSE,FALSE,FALSE,131,0,1,BANSWARA,AERJ2389,5,TRUE,TRUE,TRUE
Rajasthan,8,2,345,2,Shiv Charan Mathur,20/01/88,04/12/89,684,INC,0,FALSE,FALSE,FALSE,154,0,1,MANDALGARH,AERJ3580,3,TRUE,TRUE,TRUE
Rajasthan,8,3,340,3,Hari Dev Joshi,04/12/89,04/03/90,90,INC,0,FALSE,FALSE,FALSE,131,0,1,BANSWARA,AERJ2389,5,TRUE,TRUE,TRUE
Rajasthan,9,1,352,2,Bhairon Singh Shekhawat,04/03/90,15/12/92,1017,BJP,0,FALSE,FALSE,FALSE,114,0,1,CHHABRA,AERJ9885,3,FALSE,TRUE,TRUE
Rajasthan,-1,4,,,President's Rule,15/12/92,04/12/93,354,,0,TRUE,FALSE,FALSE,,,,,,,,,
Rajasthan,10,1,352,3,Bhairon Singh Shekhawat,04/12/93,01/12/98,1823,BJP,0,FALSE,FALSE,FALSE,166,0,1,BALI,AERJ9885,4,FALSE,TRUE,TRUE
Rajasthan,11,1,353,1,Ashok Gehlot,01/12/98,08/12/03,1833,INC,0,FALSE,FALSE,FALSE,82,0,1,KHANDAR,AERJ12982,1,FALSE,FALSE,FALSE
Rajasthan,12,1,354,1,Smt. Vasundhara Raje,08/12/03,13/12/08,1832,BJP,0,FALSE,FALSE,FALSE,118,0,1,JHALRAPATAN,AERJ5913,2,FALSE,FALSE,FALSE
Rajasthan,13,1,353,2,Ashok Gehlot,13/12/08,13/12/13,1826,INC,0,FALSE,FALSE,FALSE,127,0,1,SARDARPURA,GERJ27768,2,FALSE,TRUE,TRUE
Rajasthan,14,1,354,2,Smt. Vasundhara Raje,13/12/13,17/12/18,1830,BJP,0,FALSE,FALSE,FALSE,198,0,1,JHALRAPATAN,AERJ5913,4,FALSE,TRUE,TRUE
Rajasthan,15,1,5071,1,Ashok Gehlot,17/12/18,Current,926,INC,0,FALSE,FALSE,FALSE,127,0,1,SARDARPURA,GERJ27768,4,FALSE,TRUE,TRUE
Sikkim,0,1,357,1,Kazi Lhendup Dorjee,16/05/75,18/08/79,1555,,NA,FALSE,FALSE,TRUE,,,,,,,,,
Sikkim,-1,1,,,President's Rule,18/08/79,18/10/79,61,,0,TRUE,FALSE,FALSE,,,,,,,,,
Sikkim,1,1,359,1,Nar Bahadur Bhandari,18/10/79,11/05/84,1667,SJP,0,FALSE,FALSE,FALSE,8,0,1,SOREONG,AESK83554,1,FALSE,FALSE,FALSE
Sikkim,1,2,360,1,B. B. Gurung,11/05/84,25/05/84,14,SCR,0,FALSE,FALSE,FALSE,7,0,1,CHAKUNG,AESK84064,1,FALSE,FALSE,FALSE
Sikkim,-1,2,,,President's Rule,25/05/84,08/03/85,287,,0,TRUE,FALSE,FALSE,,,,,,,,,
Sikkim,2,1,359,2,Nar Bahadur Bhandari,08/03/85,30/11/89,1728,SSP,0,FALSE,FALSE,FALSE,8,0,1,SOREONG,AESK83554,2,TRUE,TRUE,TRUE
Sikkim,3,1,359,3,Nar Bahadur Bhandari,30/11/89,17/06/94,1660,SSP,0,FALSE,FALSE,FALSE,8,0,1,SOREONG,AESK83554,3,FALSE,TRUE,TRUE
Sikkim,3,2,364,1,Sanchaman Limboo,17/06/94,12/12/94,178,,0,FALSE,FALSE,TRUE,,,,,,,,,
Sikkim,4,1,365,1,Pawan Kumar Chamling,12/12/94,01/10/99,1754,SDF,0,FALSE,FALSE,FALSE,13,0,1,DAMTHANG,AESK83199,3,TRUE,TRUE,TRUE
Sikkim,5,1,365,2,Pawan Kumar Chamling,01/10/99,21/05/04,1694,SDF,0,FALSE,FALSE,FALSE,13,0,1,DAMTHANG,AESK83199,4,FALSE,TRUE,TRUE
Sikkim,6,1,365,3,Pawan Kumar Chamling,21/05/04,20/05/09,1825,,0,FALSE,FALSE,FALSE,,,,,,,,,
Sikkim,7,1,365,4,Pawan Kumar Chamling,20/05/09,21/05/14,1827,SDF,0,FALSE,FALSE,FALSE,10,0,1,POKLOK-KAMRANG,AESK83199,5,FALSE,FALSE,FALSE
Sikkim,8,1,365,5,Pawan Kumar Chamling,21/05/14,27/05/19,1832,SDF,0,FALSE,FALSE,FALSE,11,0,1,NAMCHI-SINGHITHANG,AESK83199,6,FALSE,TRUE,TRUE
Sikkim,10,1,370,1,Prem Singh Tamang,27/05/19,Current,765,,0,FALSE,FALSE,FALSE,28,0,1,,,,,,
Tamil_Nadu,0,1,371,1,Thiru K Kamaraj,03/03/62,02/10/63,578,,NA,FALSE,FALSE,FALSE,,,,,,,,,
Tamil_Nadu,0,2,372,1,Thiru M Bakthavatsalam,02/10/63,06/03/67,1251,,0,FALSE,FALSE,FALSE,,,,,,,,,
Tamil_Nadu,0,3,373,1,Dr. C.N. Annadurai,06/03/67,03/02/69,700,,0,FALSE,TRUE,FALSE,,,,,,,,,
Tamil_Nadu,0,4,374,1,Dr. Kalaignar M Karunanidhi,10/02/69,04/01/71,693,,7,FALSE,FALSE,FALSE,,,,,,,,,
Tamil_Nadu,1,1,374,2,Dr. Kalaignar M Karunanidhi,15/03/71,31/01/76,1783,DMK,70,FALSE,FALSE,FALSE,12,0,1,SAIDAPET,AETN189483,1,FALSE,FALSE,FALSE
Tamil_Nadu,-1,1,,,President's Rule,31/01/76,29/06/77,515,,0,TRUE,FALSE,FALSE,,,,,,,,,
Tamil_Nadu,2,1,377,1,Dr. M G Ramachandran,30/06/77,17/02/80,962,ADK,1,FALSE,FALSE,FALSE,204,0,1,ARUPPUKOTTAI,AETN211897,2,TRUE,TRUE,TRUE
Tamil_Nadu,-1,2,,,President's Rule,17/02/80,08/06/80,112,,0,TRUE,FALSE,FALSE,,,,,,,,,
Tamil_Nadu,3,1,377,2,Dr. M G Ramachandran,09/06/80,15/11/84,1620,ADK,1,FALSE,FALSE,FALSE,142,0,1,MADURAI WEST,AETN211897,3,FALSE,TRUE,TRUE
Tamil_Nadu,4,1,377,3,Dr. M G Ramachandran,10/02/85,24/12/87,1047,ADK,87,FALSE,FALSE,FALSE,135,0,1,ANDIPATTI,AETN211897,4,FALSE,TRUE,TRUE
Tamil_Nadu,4,2,381,1,Thirumathi Janaki Ramachandran,07/01/88,30/01/88,23,,14,FALSE,FALSE,TRUE,,,,,,,,,
Tamil_Nadu,-1,3,,,President's Rule,30/01/88,26/01/89,362,,0,TRUE,FALSE,FALSE,,,,,,,,,
Tamil_Nadu,5,1,374,3,Dr. Kalaignar M Karunanidhi,27/01/89,30/01/91,733,DMK,1,FALSE,FALSE,FALSE,2,0,1,HARBOUR,AETN189483,4,FALSE,FALSE,FALSE
Tamil_Nadu,-1,4,,,President's Rule,30/01/91,23/06/91,144,,0,TRUE,FALSE,FALSE,,,,,,,,,
Tamil_Nadu,6,1,393,1,Dr. Selvi J Jayalalithaa,24/06/91,12/05/96,1784,ADK,1,FALSE,FALSE,FALSE,78,0,1,BARGUR,AETN192262,2,TRUE,TRUE,TRUE
Tamil_Nadu,7,1,374,4,Dr. Kalaignar M Karunanidhi,13/05/96,13/05/01,1826,DMK,1,FALSE,FALSE,FALSE,11,0,1,CHEPAUK,AETN189483,6,FALSE,FALSE,TRUE
Tamil_Nadu,8,1,393,2,Dr. Selvi J Jayalalithaa,14/05/01,21/09/01,130,ADMK,1,FALSE,FALSE,FALSE,135,1,1,ANDIPATTI,AETN192262,3,FALSE,FALSE,TRUE
Tamil_Nadu,8,2,392,1,Thiru O. Panneerselvam,21/09/01,01/03/02,161,ADMK,0,FALSE,FALSE,FALSE,131,0,1,PERIYAKULAM,AETN189985,1,FALSE,FALSE,FALSE
Tamil_Nadu,8,3,393,3,Dr. Selvi J Jayalalithaa,02/03/02,12/05/06,1532,ADMK,1,FALSE,FALSE,FALSE,135,1,1,ANDIPATTI,AETN192262,3,FALSE,FALSE,TRUE
Tamil_Nadu,9,1,374,5,Dr. Kalaignar M. Karunanidhi,13/05/06,15/05/11,1828,DMK,1,FALSE,FALSE,FALSE,11,0,1,CHEPAUK,AETN189483,8,FALSE,TRUE,TRUE
Tamil_Nadu,10,1,393,4,Dr. Selvi J Jayalalithaa,16/05/11,27/09/14,1230,ADMK,1,FALSE,FALSE,FALSE,139,0,1,SRIRANGAM,AETN192262,5,FALSE,TRUE,TRUE
Tamil_Nadu,10,2,392,2,Thiru O. Panneerselvam,29/09/14,22/05/15,235,ADMK,2,FALSE,FALSE,FALSE,200,0,1,BODINAYAKANUR,AETN189985,3,FALSE,TRUE,TRUE
Tamil_Nadu,10,3,393,5,Dr. Selvi J Jayalalithaa,23/05/15,19/05/16,362,ADMK,1,FALSE,FALSE,FALSE,11,1,1,DR. RADHAKRISHNAN NAGAR,AETN192262,5,FALSE,TRUE,TRUE
Tamil_Nadu,11,1,393,6,Dr. Selvi J Jayalalithaa,20/05/16,05/12/16,199,ADMK,1,FALSE,FALSE,FALSE,11,0,1,DR. RADHAKRISHNAN NAGAR,AETN192262,6,FALSE,TRUE,TRUE
Tamil_Nadu,11,2,392,3,Thiru O. Panneerselvam,06/12/16,15/02/17,71,ADMK,1,FALSE,FALSE,FALSE,200,0,1,BODINAYAKANUR,AETN189985,4,FALSE,TRUE,TRUE
Tamil_Nadu,11,3,5081,1,E. Palaniswami,16/02/17,03/05/21,1537,ADMK,1,FALSE,FALSE,FALSE,86,0,1,EDAPADI,AETN194646,4,FALSE,TRUE,TRUE
Tamil_Nadu,12,1,5082,1,Thiru M.K. Stalin,07/05/21,Current,54,DMK,4,FALSE,FALSE,FALSE,13,0,1,KOLATHUR,AETN202458,7,FALSE,TRUE,TRUE
Tripura,1,1,396,1,Sachindra Lal Singh,01/07/63,28/02/67,1338,,NA,FALSE,FALSE,FALSE,,,,,,,,,
Tripura,2,1,396,2,Sachindra Lal Singh,01/03/67,01/11/71,1706,INC,1,FALSE,FALSE,FALSE,3,0,1,BAMUTIA,AETR5195902,1,FALSE,FALSE,FALSE
Tripura,-1,1,,,President's Rule,01/11/71,20/03/72,140,,0,TRUE,FALSE,FALSE,,,,,,,,,
Tripura,3,1,399,1,Sukhamoy Sen Gupta,20/03/72,31/03/77,1837,CPM,0,FALSE,FALSE,FALSE,7,0,1,RAMNAGAR,AETR352,1,FALSE,FALSE,FALSE
Tripura,3,2,400,1,Prafulla Kumar Das,01/04/77,25/07/77,115,TCD,1,FALSE,FALSE,FALSE,3,0,2,BAMUTIA,AETR5195902,1,TRUE,TRUE,TRUE
Tripura,3,3,401,1,Radhika Ranjan Gupta,26/07/77,04/11/77,101,JNP,1,FALSE,FALSE,FALSE,51,0,3,FATIKROY,AETR2595,2,TRUE,TRUE,TRUE
Tripura,-1,2,,,President's Rule,05/11/77,05/01/78,61,,1,TRUE,FALSE,FALSE,,,,,,,,,
Tripura,4,1,403,1,Nripen Chakraborty,05/01/78,09/01/83,1830,CPM,0,FALSE,FALSE,FALSE,26,0,1,ASHARAMBARI,AETR5195500,3,FALSE,TRUE,TRUE
Tripura,5,1,403,2,Nripen Chakraborty,10/01/83,05/02/88,1852,CPM,1,FALSE,FALSE,FALSE,26,0,1,ASHARAMBARI,AETR5195500,4,FALSE,TRUE,TRUE
Tripura,6,1,405,1,Sudhir Ranjan Majumdar,05/02/88,19/02/92,1475,FBL,0,FALSE,FALSE,FALSE,8,0,1,TOWN BORDOWALI,AETR676,2,FALSE,FALSE,TRUE
Tripura,6,2,406,1,Samir Ranjan Barman,19/02/92,10/03/93,385,INC,0,FALSE,FALSE,FALSE,16,0,1,BISHALGARH,AETR157,3,FALSE,TRUE,TRUE
Tripura,-1,3,,,President's Rule,11/03/93,10/04/93,30,,1,TRUE,FALSE,FALSE,,,,,,,,,
Tripura,7,1,408,1,Dasarath Deb,10/04/93,11/03/98,1796,CPM,0,FALSE,FALSE,FALSE,23,0,1,DHANPUR,AETR5195326,1,FALSE,FALSE,FALSE
Tripura,8,1,411,1,Manik Sarkar,11/03/98,03/03/03,1818,CPM,0,FALSE,FALSE,FALSE,22,0,1,SONAMURA,AETR1069,4,FALSE,TRUE,TRUE
Tripura,9,1,411,2,Manik Sarkar,04/03/03,09/03/08,1832,CPM,1,FALSE,FALSE,FALSE,22,0,1,SONAMURA,AETR1069,5,FALSE,TRUE,TRUE
Tripura,10,1,411,3,Manik Sarkar,10/03/08,01/03/13,1817,CPM,1,FALSE,FALSE,FALSE,22,0,1,SONAMURA,AETR444,1,FALSE,FALSE,FALSE
Tripura,11,1,411,4,Manik Sarkar,02/03/13,09/03/18,1833,CPM,1,FALSE,FALSE,FALSE,23,0,1,DHANPUR,AETR39559,1,FALSE,FALSE,FALSE
Tripura,12,1,413,1,Biplab Kumar Deb,09/03/18,Current,1209,,0,FALSE,FALSE,FALSE,9,0,1,,,,,,
Uttar_Pradesh,2,1,414,1,Sri Chandrabhanu Gupta,07/12/60,14/03/62,462,,NA,FALSE,FALSE,FALSE,,,,,,,,,
Uttar_Pradesh,3,1,414,2,Sri Chandrabhanu Gupta,14/03/62,01/10/63,566,INC,0,FALSE,FALSE,FALSE,14,0,1,RANIKHET SOUTH,,,,,
Uttar_Pradesh,3,2,416,1,Ms Sucheta Kriplani,02/10/63,13/03/67,1258,INC,1,FALSE,FALSE,FALSE,185,0,1,MENDHWAL,,,,,
Uttar_Pradesh,4,1,414,3,Sri Chandrabhanu Gupta,14/03/67,02/04/67,19,INC,1,FALSE,FALSE,FALSE,14,0,1,RANIKHET,,,,,
Uttar_Pradesh,4,2,418,1,Sri Charan Singh,03/04/67,25/02/68,328,INC,1,FALSE,FALSE,FALSE,405,0,1,CHAPRAULI,,,,,
Uttar_Pradesh,-1,1,,,President's Rule,25/02/68,26/02/69,367,,0,TRUE,FALSE,FALSE,,,,,,,,,
Uttar_Pradesh,5,1,414,4,Sri Chandrabhanu Gupta,26/02/69,17/02/70,356,INC,0,FALSE,FALSE,FALSE,14,0,1,RANIKHET,,,,,
Uttar_Pradesh,5,2,418,2,Sri Charan Singh,17/02/70,01/10/70,226,BKD,0,FALSE,FALSE,FALSE,405,0,1,CHAPRAULI,,,,,
Uttar_Pradesh,-1,2,,,President's Rule,01/10/70,18/10/70,17,,0,TRUE,FALSE,FALSE,,,,,,,,,
Uttar_Pradesh,5,4,423,1,Sri T N Singh,18/10/70,03/04/71,167,,0,FALSE,FALSE,FALSE,,,,,,,,,
Uttar_Pradesh,5,5,424,1,Pt. KamlapatiTripathi,04/04/71,12/06/73,800,INC,1,FALSE,FALSE,FALSE,243,0,1,CHANDAULI,,,,,
Uttar_Pradesh,-1,3,,,President's Rule,13/06/73,08/11/73,148,,1,TRUE,FALSE,FALSE,,,,,,,,,
Uttar_Pradesh,5,6,426,1,Sri Hemvati Nandan Bahuguna,08/11/73,04/03/74,116,,0,FALSE,FALSE,FALSE,,,,,,,,,
Uttar_Pradesh,6,1,426,2,Sri Hemvati Nandan Bahuguna,15/03/74,29/11/75,624,INC,11,FALSE,FALSE,FALSE,269,0,1,BARA,,,,,
Uttar_Pradesh,-1,4,,,President's Rule,30/11/75,21/01/76,52,,1,TRUE,FALSE,FALSE,,,,,,,,,
Uttar_Pradesh,6,2,429,1,Sri N.D. Tiwari,21/01/76,30/04/77,465,INC,0,FALSE,FALSE,FALSE,16,0,1,KASHIPUR,,,,,
Uttar_Pradesh,-1,5,,,President's Rule,30/04/77,23/06/77,54,,0,TRUE,FALSE,FALSE,,,,,,,,,
Uttar_Pradesh,7,1,431,1,Sri Ram Naresh yadav,23/06/77,27/02/79,614,,0,FALSE,FALSE,FALSE,,,,,,,,,
Uttar_Pradesh,7,2,432,1,Sri Banarasi Das,28/02/79,17/02/80,354,JNP,1,FALSE,FALSE,FALSE,391,0,1,HAPUR,,,,,
Uttar_Pradesh,-1,6,,,President's Rule,17/02/80,09/06/80,113,,0,TRUE,FALSE,FALSE,,,,,,,,,
Uttar_Pradesh,8,1,434,1,Sri V.P. Singh,09/06/80,18/07/82,769,INC(I),0,FALSE,FALSE,FALSE,318,1,1,TINDWARI,,,,,
Uttar_Pradesh,8,2,435,1,Sri Sripati Misra,19/07/82,03/08/84,746,INC(I),1,FALSE,FALSE,FALSE,124,0,1,ISSAULI,,,,,
Uttar_Pradesh,8,3,429,2,Sri N.D. Tiwari,03/08/84,10/03/85,219,,0,FALSE,FALSE,FALSE,,,,,,,,,
Uttar_Pradesh,9,1,429,3,Sri N.D. Tiwari,11/03/85,24/09/85,197,INC,1,FALSE,FALSE,FALSE,16,0,1,KASHIPUR,,,,,
Uttar_Pradesh,9,2,438,1,Sri Vir Bahadur Singh,24/09/85,24/06/88,1004,INC,0,FALSE,FALSE,FALSE,188,0,1,PANIARA,,,,,
Uttar_Pradesh,9,3,429,4,Sri N.D. Tiwari,25/06/88,05/12/89,528,INC,1,FALSE,FALSE,FALSE,16,0,1,KASHIPUR,,,,,
Uttar_Pradesh,10,1,440,1,Sri Mulayam Singh Yadav,05/12/89,24/06/91,566,JD,0,FALSE,FALSE,FALSE,305,0,1,JASWANTNAGAR,,,,,
Uttar_Pradesh,11,1,441,1,Sri Kalyan Singh,24/06/91,06/12/92,531,BJP,0,FALSE,FALSE,FALSE,372,0,1,ATRAULI,,,,,
Uttar_Pradesh,-1,7,,,President's Rule,06/12/92,04/12/93,363,,0,TRUE,FALSE,FALSE,,,,,,,,,
Uttar_Pradesh,12,1,440,2,Sri Mulayam Singh Yadav,04/12/93,03/06/95,546,SP,0,FALSE,FALSE,FALSE,339,0,1,SHIKOHABAD,,,,,
Uttar_Pradesh,12,2,444,1,Ms. Mayawati,03/06/95,17/10/95,136,,0,FALSE,FALSE,FALSE,,,,,,,,,
Uttar_Pradesh,-1,8,,,President's Rule,18/10/95,21/03/97,520,,1,TRUE,FALSE,FALSE,,,,,,,,,
Uttar_Pradesh,13,1,444,2,Ms. Mayawati,21/03/97,21/09/97,184,BSP,0,FALSE,FALSE,FALSE,417,0,1,HARORA,,,,,
Uttar_Pradesh,13,2,441,2,Sri Kalyan Singh,21/09/97,11/11/99,781,BJP,0,FALSE,FALSE,FALSE,372,0,1,ATRAULI,,,,,
Uttar_Pradesh,13,3,448,1,Sri. Ram Prakash Gupta,12/11/99,28/10/00,351,,1,FALSE,TRUE,FALSE,,,,,,,,,
Uttar_Pradesh,13,4,449,1,Sri Rajnath Singh,28/10/00,07/03/02,495,BJP,0,FALSE,FALSE,FALSE,141,1,1,HAIDARGARH,,,,,
Uttar_Pradesh,-1,9,,,President's Rule,08/03/02,03/05/02,56,,1,TRUE,FALSE,FALSE,,,,,,,,,
Uttar_Pradesh,14,1,444,3,Ms. Mayawati,03/05/02,28/08/03,482,BSP,0,FALSE,FALSE,FALSE,401,0,1,HARORA,,,,,
Uttar_Pradesh,14,2,440,3,Sri Mulayam Singh Yadav,29/08/03,12/05/07,1352,SP,1,FALSE,FALSE,FALSE,25,1,1,Gunnur,,,,,
Uttar_Pradesh,15,1,444,4,Ms. Mayawati,13/05/07,14/03/12,1767,,1,FALSE,TRUE,FALSE,,,,,,,,,
Uttar_Pradesh,16,1,454,1,Sri Akhilesh Yadav,15/03/12,19/03/17,1830,,1,FALSE,TRUE,FALSE,,,,,,,,,
Uttar_Pradesh,17,1,5091,1,Yogi Adityanath,19/03/17,Current,1564,,0,FALSE,TRUE,FALSE,,,,,,,,,
Uttarakhand,0,1,455,1,Shri Nityanand Swami,09/11/00,29/10/01,354,,NA,FALSE,FALSE,TRUE,,,,,,,,,
Uttarakhand,0,2,456,1,Shri Bhagat Singh koshiyari,30/10/01,01/03/02,122,,1,FALSE,FALSE,TRUE,,,,,,,,,
Uttarakhand,1,1,457,1,Shri Narayan Dutt Tiwari,02/03/02,07/03/07,1831,INC,1,FALSE,FALSE,FALSE,56,1,1,RAMNAGAR,,,,,
Uttarakhand,2,1,458,1,Maj.General.B.C.Khanduri,07/03/07,26/06/09,842,BJP,0,FALSE,FALSE,FALSE,30,1,1,Dhumakote,,,,,
Uttarakhand,2,2,459,1,Dr.Ramesh Pokhriyal Nishank,27/06/09,10/09/11,805,BJP,1,FALSE,FALSE,FALSE,35,0,1,THALISAIN,,,,,
Uttarakhand,2,3,458,2,Maj.General.B.C.Khanduri,11/09/11,13/03/12,184,BJP,1,FALSE,FALSE,FALSE,30,1,1,Dhumakote,,,,,
Uttarakhand,3,1,461,1,Shri Vijaya Bahuguna,13/03/12,31/01/14,689,INC,0,FALSE,FALSE,FALSE,68,1,1,SITARGANJ,,,,,
Uttarakhand,3,2,466,1,Shri Harish Rawat,01/02/14,27/03/16,785,INC,1,FALSE,FALSE,FALSE,42,1,1,DHARCHULA,,,,,
Uttarakhand,-1,1,,,President's Rule,27/03/16,21/04/16,25,,0,TRUE,FALSE,FALSE,,,,,,,,,
Uttarakhand,3,3,466,2,Shri Harish Rawat,21/04/16,22/04/16,1,INC,0,FALSE,FALSE,FALSE,42,1,1,DHARCHULA,,,,,
Uttarakhand,-1,2,,,President's Rule,22/04/16,11/05/16,19,,0,TRUE,FALSE,FALSE,,,,,,,,,
Uttarakhand,3,4,466,3,Shri Harish Rawat,11/05/16,18/03/17,311,INC,0,FALSE,FALSE,FALSE,42,1,1,DHARCHULA,,,,,
Uttarakhand,4,1,5098,1,Shri Trivendra Singh Rawat,18/03/17,09/03/21,1452,BJP,0,FALSE,FALSE,FALSE,23,0,1,DOIWALA,,,,,
Uttarakhand,4,2,5099,1,Shri Tirath Singh Rawat,10/03/21,04/07/21,116,,1,FALSE,FALSE,TRUE,,,,,,,,,
Uttarakhand,4,2,6001,1,Shri Pushkar Singh Dhami,04/07/21,Current,,BJP,0,FALSE,FALSE,FALSE,70,0,1,KHATIMA,,2,FALSE,TRUE,TRUE
West Bengal,,,,,Buddhadeb Bhattacharya,06/11/00,13/05/11,,CPI,,,,,,,,,,,,,
West Bengal,,,,,Mamata Banerjee,20/05/11,Current,,AITC,,,,,,,,,,,,,